N,P,K,temperature,humidity,ph,rainfall,label
4.963068219453028,4.405243425231822,12.684173734669631,21.332352349459512,89.91265883118561,6.702107141070987,80.58372374311361,orange
81.35734672441811,47.28228330138905,65.17474037533921,29.63053383384501,77.7337832472059,6.256308319225412,171.46231992651988,rice
23.765983253693733,74.76137384776858,33.281022415727115,27.024150788581778,60.24883736835412,6.498454966552995,29.578102797731365,lentil
8.92042639157885,118.6425671180598,202.62908202633017,28.149343623207717,82.3967394202586,6.325318941568083,83.192137313054,grapes
22.053075048652236,66.77591116923593,24.314436423542993,15.248853160617717,21.324715437753714,5.968129131910452,120.64177383259148,kidneybeans
124.37479072266025,83.89550845914165,59.99303699702206,23.008394545056085,77.50227518909432,5.250420877142696,120.6082191645732,banana
53.142931306206656,41.09322397400804,33.64682144435651,24.799913365386193,66.50650458813139,6.257292218511939,93.24858846643161,maize
95.60423194897176,98.60963054060834,54.690358867460894,25.245455117718866,78.12921702805396,6.453104922442661,123.461294037533,banana
94.24490817941792,13.38235685553872,49.51834817709628,26.414433230785477,88.8146417301886,6.434306577579136,32.53986573011689,muskmelon
19.911688630697967,146.25267746187652,210.0,22.76745920970236,84.11752882963923,6.018004310196539,50.64179295474666,grapes
3.4850879212633394,19.820758857042456,42.06461747635276,37.17340670375621,51.87672374584354,5.544628317092578,90.56720198298113,mango
73.61417760342424,59.44707665832734,30.716174294686624,25.554106676779988,79.65766933214918,6.7271707300379076,181.10876017791125,jute
10.24221329520098,24.65022368105701,9.709075958390827,32.23897852051826,34.93337279018541,6.2521911371150285,118.65449721434818,mango
13.697895678733811,28.849793674356164,35.43827354638604,29.536111430956893,56.6042032590326,5.082893268359928,74.15081977812426,mango
105.86279531827837,96.70573739224614,62.33790407813568,27.92589801948744,74.05248617830773,5.789877198548634,143.6762879749135,banana
96.49007625844581,48.36684135544301,38.69832539803266,28.099305439437916,77.45025593310966,6.572429239468186,169.23102629060588,jute
42.54201157493225,50.4164648999709,45.15183977501654,35.188877975755574,89.20132881074677,6.678338054310986,135.5335928865166,papaya
28.82931896603811,25.557021979773545,22.282820617067284,25.936868344469843,48.62312454841303,5.2923181714549505,68.00076291990445,mango
24.80873469931435,55.96120710419125,17.918170955495032,19.56702935154986,43.05660049817306,6.099490950351173,178.8728261364936,pigeonpeas
21.26479135479436,133.85387640999676,208.9457099011476,21.287624080320768,78.41019859692337,5.97867986284604,41.87964397342782,grapes
13.038953462154486,71.81963033484809,8.26116530027039,24.04410547583831,69.57932466050555,7.263038227723598,36.829986905389326,lentil
5.251620660330323,58.22488454308233,11.411074166899464,12.314862450156356,21.584901170119434,4.902868951355826,66.94510084781379,kidneybeans
130.81000432707765,86.58235477285861,56.867473541616796,26.17393734997109,78.77833304363165,6.393856595333305,145.1738728057964,banana
112.8201157234172,35.21042076126985,37.11919490594826,24.534949891265477,54.50148083378057,6.452070541932233,139.82044087583654,coffee
76.81232852368997,5.204574975983457,55.934570713186815,27.145378500887592,96.50172393306487,6.646534559416405,26.395724190831984,muskmelon
85.81279347284725,48.39670082276422,32.7157720242301,23.446295781799297,81.52951990640834,6.87146048627331,167.17168389208038,jute
26.978789439694147,66.85834577518915,29.195014727662542,17.865801197436397,13.974178196615199,6.186451872401642,90.74073475847233,kidneybeans
70.85331629087962,22.17220596687592,51.49942196220251,29.692146595730712,88.13946921365822,6.273690729935043,15.267764347475357,muskmelon
10.273613611928997,56.753774287953874,0.0,25.07633333530344,44.04356445873999,5.645011411832872,188.7687068819316,pigeonpeas
49.9927286027017,58.20695984246361,33.97644733058836,39.880515969977594,91.22144942851081,6.726244910886876,129.34406416466396,papaya
38.87817547463689,61.46756308172392,16.63077613874276,18.355992509171987,25.936236764917048,5.57331478987594,84.22596007169673,kidneybeans
30.230449041988535,26.10419661424819,31.859544752047753,26.507211209582078,96.86763920764719,5.815568074528188,123.6072767805629,coconut
27.480161525860677,5.2147654969995365,31.519948601262755,34.60746933745769,64.96038806764972,6.092784535354025,128.6976604516508,mango
31.20095287905815,18.531805713553652,10.073001167736075,19.201825078932913,94.21696834110992,6.655358040022234,96.9450537783792,orange
17.368757824493304,19.299385265590942,26.45544702319073,28.30506034539805,98.19613931022792,6.340703704531711,147.0454726157588,coconut
72.92335949542496,49.59385771716612,47.0195362622127,24.414724296176047,85.80066542687926,6.514605687057535,251.20258822405867,rice
0.0,19.521413005907284,11.06058596534985,21.895410237743544,93.82933890191804,7.004222749001811,123.55614834654362,orange
6.601233696085995,16.715030879033844,35.929923456805696,24.514573527554333,85.21319952966194,6.169141128978058,87.03119066491836,pomegranate
14.653839957557615,50.56783781513857,6.631527321292362,30.099019826058587,45.371433482447785,6.985304054412143,42.175694939627604,mothbeans
19.267424434779805,12.10698290283799,9.335439179334609,24.8242923814296,93.55553495644006,6.449853843292369,88.63807116683122,orange
16.534177824637943,126.06710615391745,197.76712925591724,16.134165006788514,90.75426659282364,5.894829102457756,90.51172701775161,apple
12.703058918343153,69.14117571138614,8.89860390385342,25.618315561909945,57.50280634789493,7.26729301061338,41.93853104509702,lentil
30.96772767857385,19.31111191691439,10.114492302372323,25.443902662564675,98.7282221707693,7.266028301667236,114.1241225361618,orange
11.968894911909178,55.27533693625799,21.365215534000413,23.828462699108215,51.49004629591018,6.052943832140611,49.202652678953605,mothbeans
86.88100624298961,38.19370835248077,37.301988805273915,26.953814528304598,79.70000689293332,6.088504802415635,205.94095024050938,jute
46.236420996116514,58.71562398817866,0.0,25.754900846951237,64.51161611431274,7.125553690201333,98.30746620724972,blackgram
30.55315114031674,2.0949484449257483,24.597432813882804,29.46485741935755,100.0,6.81439699386868,176.2588882584576,coconut
16.95690870516586,143.37665866877975,201.39860580759435,22.28108560338188,78.45982358520753,6.164093937768648,66.76223396276598,grapes
88.9958421872981,30.934782094608607,28.173309493839422,26.29420059304006,61.90305615722243,6.376097578284667,132.75578669726926,coffee
110.5610542822477,32.398959875927176,37.071804605055554,26.354123076708046,62.43912466744181,6.507344858062626,205.25884704043898,coffee
123.93130803139692,41.86802047024404,12.24736842098691,27.096660781664596,80.10991365285992,7.279491174325988,112.92317497552887,cotton
27.807872402352416,63.44869710467599,31.447352150594817,22.105408181295388,22.216994582002695,5.471243291382784,139.3844162358885,kidneybeans
3.9646487468926317,6.672258232960845,37.4217969599931,26.495351886817325,94.59775519959089,6.367925780567638,155.5708352706924,coconut
88.7398286298156,62.323116054099444,51.774118889776936,25.317260036788728,90.71967263083896,6.61949657936915,263.1195270718824,rice
75.54014955953546,45.99477473015739,39.13899348178951,26.372418365070242,83.72322613118027,6.734163009053999,202.4651087107696,rice
51.320513672106784,61.378088659450185,18.592193077557987,28.820436806912447,71.26014544537918,7.721425867397691,74.62663799357132,blackgram
85.37874739497596,43.563245143855156,51.65011187268176,26.1824149902736,83.01484518982804,6.5911028817167,152.1848451973052,jute
9.585417982231219,67.96383020116755,16.0905394482963,32.626462134602576,51.23718895579065,6.517891446497071,123.55236492511827,pigeonpeas
36.983192238691544,58.64197443452369,16.576593648754862,30.63142174375372,58.54204955632467,7.402969527220152,106.39688932405983,blackgram
87.2952013839795,28.492590525592657,48.48371404316185,28.644476453459166,93.98508005080869,6.890030294987476,140.88950190286613,jute
21.392039912327657,124.69442596076851,200.95252397447462,24.308783099220147,92.2894744476735,6.553785153927935,68.44624763809323,apple
18.581802708128002,47.73570045259302,28.580266917681556,30.277111434955106,91.64936624209216,5.927385557450654,51.04077500665441,mungbean
20.442781974042937,129.766555817244,210.0,25.02957540526391,84.93231736181902,6.063626273210673,75.86552245416266,grapes
15.558192446638358,51.861469009921905,20.226042972080364,27.08819597043957,83.35928583926669,6.496751603033726,28.250385934931835,mungbean
66.22688797600499,44.534127296606606,22.23091427717791,18.968428201505823,67.79426141964983,6.23150118416735,37.70134366720224,maize
87.09683078246965,16.499686433962,80.29838388872142,25.910662708571287,80.68093390409835,6.663115602383162,41.795097760927746,watermelon
116.21950022091687,41.58527616747217,34.17680759116501,17.008572130357507,70.63347851346319,7.053079901653442,74.70035302935099,cotton
112.17123072519577,88.41321388465356,61.66567135103959,26.3379496377776,86.01263783823951,5.454401165609181,77.23231398020286,banana
17.291300336934075,86.31300320577401,5.184276115388274,26.7544386756235,64.19592930548642,6.767579787411168,29.561878417454267,lentil
96.27930506668865,48.6653140723723,37.13751266444308,25.361896737926088,80.45663472226794,6.867773562732575,156.74375663139506,rice
10.67008610950309,68.72777569941549,28.464843268384556,27.394071456759953,61.63793681839812,7.122027888028539,51.054149003970714,lentil
3.691115947420734,59.21784150984588,19.35114274760511,26.545598801493288,48.51738213736186,6.979229788183384,36.59365492558292,mothbeans
35.16841444702693,60.63204439892171,34.98772699796744,32.005127660044515,72.55457881694612,6.99425372259464,62.846358677837344,blackgram
129.9135079054526,36.72361386833599,0.0,25.18615825468914,75.56565184080884,7.1489310023922,99.00540776672483,cotton
25.571999394363694,135.8586141916324,210.0,20.875225995592686,87.6679262903608,6.190821467767282,114.5275910877851,apple
30.169848402055194,27.04392326029084,19.96202017348662,30.22570338106143,33.271337254906975,5.315632865920143,107.71011936305996,mango
19.552436543637853,42.407861224223886,21.72406375441405,23.28670347684389,52.85688959190515,5.2590743761356675,151.05022884858292,pigeonpeas
88.96851709947688,7.211328711505757,61.581699648799734,25.050364491225146,77.25467990071944,5.786753725242581,34.6075354176029,watermelon
28.78568953982745,74.62355263473361,89.71033678223807,19.28631711546321,4.818121683763389,6.806633608536388,83.75522263199744,chickpea
33.14128234748987,77.65159945488327,20.195589775358293,17.119790726808077,20.339493935934374,5.890865119354986,140.0011820329902,kidneybeans
49.130301486391986,49.45295497360439,52.79707408384963,33.58514994058523,90.6799647021319,6.966309706409427,170.6957897108074,papaya
62.53845177591997,46.45938294144774,19.863696885300296,24.132274352039957,70.67612128743973,5.317389842348575,109.34547679293273,maize
2.974643664113504,54.81882388481314,24.249785828740652,18.34139869602089,21.92183353587832,6.580377393074677,68.27275962850469,kidneybeans
24.35803277369534,139.01751910005686,199.6466544770605,22.95510264255433,86.1577901124191,6.464934627124462,84.26282520524146,grapes
25.41997076739731,136.34169783481212,207.13323332404966,19.31798660428453,92.59508679308063,6.120204190730049,85.4096867369703,apple
113.82110558495529,45.281758965865606,21.268280837621045,20.09148326073733,82.0364508992009,6.732153807732398,85.87405571151082,cotton
5.705218795313781,26.39153003758845,28.418608938544782,32.73942953214463,50.160135217468046,6.032745973781684,70.08809460877428,mango
11.72223207452204,49.36294881456851,21.755221358031246,27.938382323573748,65.00792758428317,5.565830815822649,160.36352063681448,pigeonpeas
15.966188655010757,28.587324599258913,19.12490865204912,31.698154927237745,37.662543155789024,5.388909216006494,54.626171865667516,mango
14.912698705866598,16.20814269003383,15.788221426108105,20.094260356749253,90.36435986714011,6.235980153054465,140.1237613617028,pomegranate
24.69785044905637,14.709326141837616,45.18411962534664,18.561759116862778,93.03620226208884,6.168037669075229,122.033597464581,pomegranate
23.21746032505541,13.01075777290613,13.889733048226232,23.44502518682716,90.95700736653197,7.309195276430934,114.09683323673141,orange
21.1878693334582,20.31402064206466,41.702041534885,24.857340803412598,94.04609869618886,6.370314410030102,224.32736340346796,coconut
62.951398620724426,50.51191728701694,23.164072850900066,16.731766999058248,56.20525984473439,5.909139325398877,75.86326014714437,maize
9.772720479683011,37.45480978937877,34.24450498505318,28.41513847322742,45.48502684939476,5.469883929505066,77.28277567238582,mango
107.66946829184052,3.1068631005340652,42.0747132670698,29.16803536241516,100.0,6.977876986022812,60.44332092301141,watermelon
17.10379322447225,11.413329192262658,11.025400397720674,23.110149049796327,91.76822190400294,6.850541080728405,131.3026274527089,orange
49.88227013833479,60.31252555105891,47.586943173167285,36.009335203012945,92.96786728854778,6.63677005819484,140.30224663621698,papaya
118.34235501392718,38.0481658990404,29.767995098756668,22.484404884594326,58.06557603447857,7.35231468177343,149.98707254133456,coffee
87.00716941571196,23.240466689042865,53.12941336489962,24.3936677234905,91.32795642943516,6.772576363727349,13.927739674774207,muskmelon
39.04714212986065,55.32023686675708,72.44786618798595,20.403459348728973,17.97551986571444,7.451761602440881,72.63747626242304,chickpea
97.26292116017788,32.80355444223368,34.59554437490681,23.017522272732066,47.56846730368841,6.569750613940317,176.39112024458876,coffee
15.867740529956578,59.98520599256976,12.833242988337545,22.385489350354785,65.15060077264837,6.959183386169917,43.71136146630277,lentil
16.839522611575724,120.56736612326677,195.93135485445293,22.87610911476735,88.54841893333347,6.057013480916585,83.44144364095817,grapes
18.112249749358195,140.15994237684572,197.84906288613357,20.99938740004267,87.1509269930075,6.29210278464674,52.38219243044388,grapes
100.3361086148363,87.40130966958223,51.49331026102383,26.431296366790882,82.0087413990239,6.3304494174611055,93.87948218554742,banana
100.7480326600221,106.07325721474793,64.27979769108453,29.354490665658194,83.82143096185007,6.705344327092018,76.26061405061569,banana
16.353068785564464,66.33401692350382,27.386115011126478,21.841693330449313,75.809474627672,7.477790119749238,55.03341324837246,lentil
105.55179875494761,13.075819975258618,40.69769928705422,25.54818725663292,79.85205548496482,6.9313690105690355,46.62573136093065,watermelon
24.57487346109368,52.704926026404024,22.85702941017057,21.274750858132418,23.434092735746418,5.855644695904637,97.60290993585073,kidneybeans
114.39319093967178,79.96942832931337,35.034927722061006,23.641152530021433,71.36640923839788,6.247188303021576,81.96991377253111,banana
132.72063690817805,82.96261249768972,68.23361972700378,27.413714634551585,81.23090141162717,5.877803644936041,123.85110283020458,banana
91.94495685588916,42.95601351214885,60.19935268799492,25.60798001451968,86.33603742201079,6.952344605672317,207.87640678641566,jute
17.41573441248879,0.4596812703646549,24.583386554173746,27.156058871289883,85.62985606491154,6.970819783295684,86.31826525164809,pomegranate
31.415878137811752,65.85371381602589,6.707960642091919,12.467638646497425,22.27541021933879,5.563208476908008,77.13559304181622,kidneybeans
89.46144313417737,33.77571096330735,29.074887412305394,24.02463054882302,57.27149101018036,7.823811382666284,141.02996201194122,coffee
96.60874178226759,34.05843643417107,54.0813008297571,23.8968301375732,84.21558682740381,6.671745003357311,68.34926316752927,watermelon
20.691545106945465,144.66758832116486,203.69575140392246,24.486386140482043,85.7309497672342,5.506261771801016,104.71296660224745,apple
20.339049829569007,44.63875397373656,5.13209649807216,29.35676236810658,88.30637554441522,5.98730700035956,61.614389384366625,mungbean
41.509215268064956,65.79281971320933,106.23036519701151,19.831868593632542,19.42540883532065,6.76897546845307,44.261851189272505,chickpea
19.273680946662388,74.96207461836084,27.659371612935587,23.069714074231708,56.64622387539073,6.930437791569007,51.64779503324886,lentil
22.46024439815135,18.048350075186065,10.092592076366637,28.49551249451914,89.7528398770507,7.3619623312970806,107.48286114598852,orange
22.870035022120394,18.41129766508894,9.546190282641154,24.99045106006967,89.97709431772017,7.891761380861929,125.26140760307518,orange
99.10895903990986,93.61906563046587,38.972393227326435,30.609404392511887,73.30422512630213,5.861854155518105,85.99620006247976,banana
30.91777801768298,63.40122184262978,22.367032157378958,25.783908675012235,78.74992127799288,6.773188152084067,38.161685125250166,lentil
119.14136630556871,17.362359714600657,50.49745250787831,25.296943667808193,85.34657875470563,5.447946657336597,45.77392322172335,watermelon
24.93543935767144,24.544222029790177,49.48895481083506,19.174954199902633,94.71744925077232,6.202567099468773,118.07002643077026,pomegranate
31.471839858499845,65.23528846728806,51.694825768329636,34.14368789573415,94.99732745094609,6.872110147372286,108.17937253825787,papaya
56.99207892625793,53.638280136981884,36.71474776877106,23.816026962513458,76.73550744648026,6.232771913822062,282.00178378795835,rice
106.07762710288827,76.8784015563869,52.978244424866034,30.004710942551988,81.02572343654514,5.346740825672552,109.06400676201284,banana
67.66383797821615,43.140433228139514,14.291568149037161,12.393166660323192,50.97592578521707,5.2946906600098025,28.75540555120981,maize
20.455555428079514,7.344620410818729,3.230028820027937,23.55917348810173,87.39811396319413,6.806934602778135,103.47845628483546,orange
23.779608114842407,49.523003725473195,26.378180489354243,28.050252127215227,100.0,6.760538773462697,50.34338518187645,mungbean
110.49264709688117,64.17725922592759,56.84938005702019,23.651875073476866,79.41202758074233,5.53464355836191,133.6249315858003,banana
68.84490039982336,42.46037321952219,16.977547737933826,26.665245764298266,48.134327174328135,6.631000025206067,75.50783687143597,maize
82.85926431289006,52.28714234074346,15.386821662130457,25.238161482464665,66.52950206859866,5.925223689434959,56.930789193225124,maize
23.740918612541506,53.058850645353594,32.012814981049544,22.880088080997165,49.33273380357474,7.2242580526942515,73.18844719667972,mothbeans
76.99934071592045,19.22917654744621,37.88496108892107,23.784996536808986,81.8095276616299,6.105608926632301,48.42530075647593,watermelon
112.1486715301972,66.22392818747079,16.983890053621188,25.70883422287415,76.65481950078392,7.273257212160459,94.66935574702669,cotton
16.328921392051573,58.876818754463784,21.69235379420784,27.682353890425965,73.31315065187344,6.845954787637349,56.50889156513138,lentil
26.17238393907174,67.25116727038403,18.573256302026177,31.59213087822269,69.85386541929381,5.90567098635603,77.81435967971223,blackgram
137.46639398807253,40.788988261971525,31.60028619930016,22.70627051522144,75.3612739892536,7.427811669611926,78.53330501999541,cotton
88.59059265517392,8.578526623067749,52.610115129981004,26.36424559399732,88.3495906212947,6.929713276827996,31.360716114654636,muskmelon
42.85205926365757,58.529833780485404,19.301783173457906,30.149507067968578,78.74589793161105,7.4145294673166315,89.862023407171,blackgram
109.38628844753595,37.91927359669066,42.57698882366143,29.297629830981485,85.08673009016778,6.0034543265677724,46.560153961988554,watermelon
54.4536152325174,83.51348953621101,51.27165561285033,31.62045684706093,91.30351629597338,6.112388017104792,181.22408215411144,papaya
17.2397830073525,148.04592507459972,193.69632353252845,16.485596594634174,95.02210925868084,5.488575906753601,108.08449068752033,apple
110.72321020178816,21.90136651504512,33.10821044196932,21.709201645414428,58.50991871782474,6.5408307259286875,138.0586416271862,coffee
23.754885276966192,87.72991825979389,25.11948932640633,22.42023924432527,21.914573650643526,5.770712670406471,109.5317847520244,kidneybeans
12.93935253319939,51.358456728858236,14.109880878862441,27.443167195578848,89.24433268017535,6.420494632474074,57.46333343118265,mungbean
26.75360952554308,59.29970394107556,13.361452942339767,27.767683397103394,38.424334163455356,7.361551055130447,80.97536386551283,mothbeans
11.273501446526517,66.98786441984082,19.816724999104654,23.081969630709573,78.39487392149458,6.6122384721252105,62.697198151063745,lentil
36.51115628525335,78.62458244000213,4.832118406831485,32.684303752279135,57.36400417014647,5.127350027235622,139.38794341513258,pigeonpeas
17.717614700899603,33.63322636303296,30.524801186740753,35.40200143623244,37.39261313450466,5.123999292821546,110.39373033245435,mango
16.850900229623647,48.809281798818354,20.9110015531361,21.23702891770834,15.012058554829213,6.055503752670391,108.28854237834231,kidneybeans
26.074420981563478,37.69162153346504,24.54562246901717,34.83684900890639,55.93271999874035,5.7242079476055645,89.79107432458929,mango
97.9766833590158,55.07510770986559,17.94676706880198,26.000487248547778,77.47034788150549,7.180242300391514,54.300002979437565,maize
20.057656483010962,59.64744433369422,8.300340921166779,20.339608837568328,24.7643608357444,6.137269724009068,61.481637593397956,kidneybeans
37.95640563463717,82.63492310559742,35.75023080658174,24.01739937259375,62.16441603218974,6.68625689196252,85.79007934180736,blackgram
103.18403398426186,20.90227716601772,41.18884416799559,27.09277915566476,82.4305493552952,6.778056971007186,25.924854088965496,watermelon
89.44561584021584,16.767562910196393,36.27847951880021,25.299646762863663,86.85320448635102,6.628245890874007,37.15698203411806,watermelon
71.95587084486945,48.76044369622611,8.119556166980512,27.761654253174974,55.91592921542908,5.9196229179561275,84.44380512876972,maize
106.56851432824513,52.95390294724766,56.40924201053451,24.30455553013605,68.21584448121669,6.256516398615022,184.92561902610421,jute
81.07282631453563,28.947287528674323,19.805620929833477,24.45813795613305,66.4486021905852,6.288630683474428,92.28078542118449,maize
32.1461513021236,14.761572076040016,21.698506498634416,32.24085965642383,45.30908839950395,5.192644812052958,135.7992832014392,mango
31.17028093886026,69.14423329478637,20.751510776573088,32.1958381150976,71.02241458353417,7.528761182473063,78.95113144626421,blackgram
81.13029503447872,7.413535399334354,43.791784531369096,28.923162075909595,86.12786748614286,6.402468299791371,38.48847078425807,watermelon
75.57107533695503,61.25687234919314,53.91400860599534,25.311318603641883,77.00002806649847,7.222381617761717,124.43599049652951,jute
72.08572003555336,58.03076666789084,45.09229538316222,28.696926531102925,88.52190239983508,6.819836853780255,168.70053452787982,jute
32.55376643561437,59.45295563150729,93.98806507860583,15.890254075391029,16.577400592442633,7.470057863957959,22.374653197561585,chickpea
81.75031010132749,42.72580587356116,7.079592875321698,26.95412745140585,64.91620030394242,5.836992451149512,77.9849888290484,maize
21.413397750477746,129.64332728767934,201.33716807746512,26.18827900179652,87.9670066322129,5.947075974826227,43.28734034220584,grapes
19.4980265282506,71.15585287861288,8.377939625902822,16.653367139158846,28.549353415601576,5.36988464791145,121.74402967912391,kidneybeans
123.8163454874929,9.53450347501242,40.23042166864212,24.60057911456847,93.90663371372669,6.3834633614579595,16.83018761464033,muskmelon
31.438299619763345,61.924722352829846,17.455780529543446,28.878786877941412,39.61980819574315,6.4831441532662435,162.65601826452544,pigeonpeas
30.54024315209447,11.04473244116263,45.62299844726137,23.91048442021794,89.41550835433837,5.849275599623813,77.7169228247262,pomegranate
2.8143305572989092,144.5267558506028,192.6406835060952,18.557689252744836,86.85402432062365,5.424359675543214,92.77571559092294,apple
116.5002500644237,54.91378772224809,20.761303793831534,21.348899475429583,81.61001611769267,7.041875489789225,90.22665948077746,cotton
39.33842403519398,31.832503950442362,33.954569177651805,29.91509516187981,90.03292523300878,6.7748697602460854,118.00515236177851,papaya
112.54489138389361,16.5410670428223,27.311349246226694,28.534988761789712,90.78142289572719,6.177260283270746,18.098193908350254,muskmelon
73.34566337737513,63.6074240006242,64.25405922312478,32.373605380731235,93.03650914847097,7.187457435607582,167.6239987146012,papaya
26.94453199080938,28.6399887091587,19.539441900756767,26.712125888357384,84.33085071122483,6.499348577451239,49.65149526248755,mungbean
113.44475224264636,65.58201666448912,33.980104867936774,29.87448491569047,80.50607682878626,6.041309744883658,82.63694343786007,banana
13.944103425606585,125.4062527075811,195.3889042242029,25.860051642280734,90.57628551331285,5.30986141029639,48.68398059648884,grapes
21.433374196806994,76.57473075464706,22.408997942816193,32.819083451892155,62.64538516153564,6.9840050182472595,35.16206342553982,mothbeans
29.61419680363834,24.65705729165694,37.44984347340139,25.11976542492142,92.99176891528754,6.293364254546158,101.6818028979784,pomegranate
63.57038312534613,46.48627095302831,22.9296767822715,24.66988783496806,51.4360881267437,6.6273428650677815,64.99470758495374,maize
2.4582165458678027,13.823116142846498,43.645156592728505,12.309015823028176,86.09276602770011,6.840343189352516,125.0599380090145,pomegranate
31.53840385955615,52.14637695396993,41.12637028144792,26.414760664280145,94.6195292840498,6.477032634406824,167.63420104116437,papaya
86.53283095343163,18.876961320717232,49.80599214300175,30.23050480728872,95.20046879056255,6.583595959709612,30.883148711764598,muskmelon
123.59768543309946,86.93283233394125,67.94563028382055,26.67984006184396,77.25605018851445,6.703366245797211,93.4388052025203,banana
17.847756125914717,52.3846362477666,22.733527087665315,26.852019217407396,78.353506385391,6.758494822786203,45.54876614631241,mungbean
28.173956843597573,68.6456797438739,38.95218253105526,22.904706071967738,80.78316683824384,6.837283283721698,62.032583167104406,lentil
26.167852713545187,44.09229057866679,19.142310648382107,27.691858159975304,85.15787061140692,6.889073236895445,78.41991295319798,mungbean
109.46294298460217,38.30826526075024,15.313005739362154,25.380827136482143,83.31129937885201,7.2188176787592075,79.97066212922384,cotton
83.06914535121595,63.51726075656116,37.533811267957866,23.467254758456587,82.35185857163495,6.9961097229966205,177.76119342863197,jute
7.7883908182065635,76.13035736887622,19.924396185315718,24.56950918305743,76.52861422592014,6.724881800651254,37.290199663201314,lentil
42.756443472262866,64.66438725152106,30.908626837173177,35.48712919506566,87.63025365497845,6.306267558571086,153.30563322539547,papaya
13.178455082921442,67.59541765571538,22.065969495977814,19.45536767660874,22.684783380300953,5.4624760085901105,66.25331469260709,kidneybeans
19.801664298528575,14.675890168241308,15.998686928213651,24.218767409265414,86.92327519541473,7.083470102169565,106.41818078265264,orange
29.530785609637288,141.77257630353213,191.5704013415411,20.93932827968822,80.36698101701704,6.024306039057764,41.47262201661422,grapes
33.8939260370037,59.758170937449975,17.11696005749608,28.56928206008551,56.93580033757688,7.606373450622727,83.90032947965825,blackgram
26.165590256758108,77.67623560803905,13.142588769780563,17.973198396324086,12.373228689961483,5.296477416126265,126.2007394404313,kidneybeans
20.759018904186927,62.86503748801944,4.675591844384821,26.80833937478912,47.622414881155294,6.678082929283337,45.34462142979927,lentil
31.287256393941057,64.34068272952852,10.158361273459851,18.71364596258237,59.832278944849804,6.318144750988025,38.526149961726105,lentil
15.974623537639836,21.137979377870323,44.00508024111971,22.718233258727437,100.0,5.981498491590453,189.50560338247067,coconut
18.350407822739154,130.16336437862103,192.05241188297018,21.275807618599956,97.61191777053777,5.9746744919589645,89.11192927713122,apple
77.38740899292563,61.678876111195194,28.962593022179927,25.761777500408378,83.59700131895615,5.965476376067609,237.0958445854776,rice
116.49248236659196,42.05881690200826,14.395879829795408,23.194523922632413,82.09173661476454,6.969124276252231,79.20280533779454,cotton
33.56244386167693,73.54673086491304,1.3819458481715508,30.040042246231128,77.95548126458634,7.675977255640264,75.0165209696934,blackgram
33.71500452981783,146.04023885781677,193.1417231919326,22.59130046708287,75.61498025724077,6.2819975144024545,64.25386324384286,grapes
93.98704636470961,7.477070910099201,43.4112652211106,22.19752941327402,78.43037649881293,6.933098330115767,43.677901626588906,watermelon
16.93075245557864,36.35384979979811,26.38963463253297,30.50357033971722,58.34393149861722,6.118195703281814,115.43502175303422,mango
89.10434197325384,53.659686384171536,21.6928778623604,26.54557583827181,65.92613367195055,6.800153129129661,92.23397892392778,maize
41.554642443691435,69.99022600717744,32.14278535082546,30.061251435117484,70.15194142824988,7.387710094768129,47.245723125212656,blackgram
15.949652740959259,141.04540399132358,210.0,20.765998437656528,81.24841275286803,5.710496530089783,54.95194516158807,grapes
20.95248180785414,22.0265389124335,42.56548221854165,18.637786820101837,90.98741571652486,6.211954297692451,82.23549100499496,pomegranate
90.63826499027215,17.71122268972346,59.58270404005324,25.67165712940825,91.95310365631008,6.384801758764934,13.509638119651848,muskmelon
88.4220745364456,36.994362189508266,30.22083917470967,22.986465078867464,62.41539701405176,6.624613215324806,139.06186261318163,coffee
22.183785952994057,142.84631213383395,181.63266231178653,21.188256699591342,96.93863060137512,6.220776407102949,74.59085701875424,apple
66.58101406274949,78.31949386170713,45.82789330784253,29.304674049848607,86.4915123296989,6.381689462173358,77.98899902508211,banana
67.82591915066726,27.441741740834644,54.2484562081479,24.584210516376785,77.85231009051404,6.431341493163251,206.36306194066572,jute
27.74193053165302,147.68832995100576,208.16375941950614,22.361422646558342,84.47220774606438,6.199680263655428,55.76552849530172,grapes
2.183681312081365,21.09883792535234,6.51876335277357,27.646540881019057,92.75841819588587,6.582481813965152,104.67010575560833,orange
86.48853873178994,23.317181398313473,45.824390268889665,26.734547181799464,92.84797637068971,6.348436689573001,30.699814503246504,muskmelon
92.39677301457931,18.410302071198476,36.62235073803519,24.61051605746142,72.36035210703446,5.872753544346178,44.13225786897586,watermelon
21.534941206758194,20.50603377797986,33.71333074246728,26.80156247237291,95.65212897181675,5.373375271983169,156.64158063055655,coconut
92.85421256268398,22.832481753523005,53.0786583473098,28.92827890583654,82.3777289358548,6.575470459343809,46.81087621089009,watermelon
68.81775932314548,26.923031402250672,18.627483918269213,16.762467058777563,69.73839388674217,6.958396328569624,65.07722526758275,maize
16.116174509171117,116.24215883922844,188.71406455290716,27.16373151249863,94.06642365364841,6.026184550223322,149.37666346302115,apple
16.653852877089527,59.26330309141581,29.307966514451792,17.081393763085355,26.52247512602784,5.971586156450879,91.42888367725408,kidneybeans
47.62149241958686,57.199313731191246,101.79832395368126,16.356284657691848,18.087202076516306,7.185670101333618,67.99404665113184,chickpea
19.55637300153668,64.59905087895564,14.184045020741223,36.53544415192749,47.33807367311239,5.696134614197784,150.90867397017269,pigeonpeas
93.62975671027309,10.939117736893738,36.21191267219773,25.30928809752941,77.97156315091044,6.314486950071283,37.09579870667577,watermelon
21.408517309726744,116.23949128962175,201.69235315991344,21.70959620556957,88.11012178764514,5.866797443723297,105.76307306331402,apple
12.93762634877326,136.55046256304973,202.3988948011816,22.330058357124877,81.27932924616873,6.863449490760343,99.80649887903206,grapes
7.314197552224396,59.09391702992415,13.246504832296473,23.37653343383887,58.91172877098571,7.18281629003876,26.73840158249899,lentil
13.74729694219843,150.0,183.09387596923995,27.14644071904074,92.2699654073265,6.220969832698765,138.69049806183915,apple
88.43058353178013,8.986090053823792,68.3814851476607,30.623039109640427,84.98676434376948,6.61260944203717,36.229703315555774,watermelon
21.39078435550715,65.74527965299762,25.061102636125945,25.413201824548175,67.20552586193638,7.173999229106731,47.60721692510388,lentil
12.771724427389822,64.24228523540175,16.390597142084683,14.585019819117171,18.79154102913503,5.610194826552384,83.20380650596985,kidneybeans
108.799814375204,19.197789187598563,46.71297374864025,22.041114536282695,93.87689647051657,6.7527450070896125,52.087393496105385,watermelon
76.64228039170631,56.250439217080256,19.89267370460153,13.95834097064859,60.473916317323614,6.118600501683696,137.399968755636,maize
9.982700667130272,13.277858632786714,34.853266998726866,25.660234387242,97.01834383909514,5.912687253183124,169.55649608083775,coconut
139.02548932797293,44.42397007607881,11.445936399592883,25.73758570781337,74.33673117117327,6.815772414690823,68.02019907832965,cotton
105.68841196689183,0.0,56.95356700977787,27.698158712004616,91.01291390959,6.356370020409911,11.119737648471347,muskmelon
39.30201214237862,46.66525681265799,62.33825178410977,20.695460136429308,3.9905584247415558,7.282164210784504,60.43833884492351,chickpea
59.83868925594817,66.47921754082843,31.647182025638873,36.135328256292944,90.16773228062357,6.79451687943867,121.52728149041758,papaya
28.987431791887676,54.269998459016456,8.019886262604821,31.33206518821359,70.69170921254037,7.824813556431514,55.65728082068648,blackgram
108.58167284787912,36.685653946440276,27.128781827032334,21.776472150012125,54.40832087359296,6.7952521877288,144.29602789987447,coffee
18.767733467393068,69.04545193086156,17.86882339845993,24.403760987834882,64.05483382793965,6.424476433180722,123.36973392331382,pigeonpeas
35.24119417639054,119.86076783257732,183.62249966818462,19.613475468371774,94.44011806841998,5.356059526667225,123.94098113124039,apple
12.008329199016943,17.41714355658444,37.33415115376863,19.45855954978208,88.24110799406704,6.844805839254718,93.02898530479334,pomegranate
107.9151689271315,10.008219514834074,58.225402501616955,29.054877997070047,89.37921819659722,6.371422902402267,19.609805675523702,muskmelon
26.59643791978796,67.69856893055355,57.28194606514274,19.651819474685873,24.875414138043652,7.395467409786923,73.41250157079585,chickpea
33.37298591644736,79.22946194066577,93.52825713970907,19.29281197748632,12.297348922493917,6.988291077320043,71.46550629171392,chickpea
60.36377601517525,66.60898396296712,51.944380700535326,32.237357348226546,90.74857520415422,6.86837680956208,179.92578437198372,papaya
9.291177774886862,71.00979274438158,20.266376297743328,26.88136523241501,63.93494502610455,7.216452386879023,43.933358342870825,lentil
33.74242805437759,120.60552463299368,205.55738301599405,24.396793261177713,90.98630873988623,6.07132304126342,117.51964414829996,apple
24.213653555911147,150.0,210.0,23.09215071249333,96.07739880545888,6.215561576445947,102.79859890745595,apple
33.146934011271426,50.09752854055762,39.71078375517958,36.32143502296203,96.96230031075083,5.83238083183513,184.12036529679153,papaya
109.7145461866015,18.164052421052936,50.92789862641042,29.60878784026357,90.21075977476721,6.945554629741624,23.98604274063839,muskmelon
11.18584174348915,150.0,193.8679506010067,27.161515643816834,91.44657864478185,6.6322986835281235,97.30262986346968,apple
41.481568070558886,47.24651376383172,54.22191650144315,28.646063277536705,94.41823967384185,6.893439726104209,134.9951697075687,papaya
94.23196913586503,42.83917360279586,37.99148213858669,27.390201507363923,84.2171076913012,6.583819837234041,148.84354409950723,jute
19.5782289919669,58.13896834102756,8.230047720744759,30.1391426956136,46.83069790320044,5.974299083788532,33.13789222753459,mothbeans
15.270881407840804,12.254706118189047,21.020279801311077,28.244790063407073,95.86544543482583,6.143991778549221,164.6407212017197,coconut
27.22454415968258,3.2440240495117276,36.184939802962894,19.55473605790624,93.84028385568641,6.382581372254044,140.92189291304737,pomegranate
24.29770705525109,14.718216046483848,42.39658696558959,19.937793571891625,93.43758436196168,5.867120914683595,88.52608046857333,pomegranate
62.89758621310654,33.80464124729474,44.4781371672271,24.17482299280634,84.74369409432063,6.306164504535774,241.12574905818508,rice
98.47341050968153,13.11849055066287,31.433097568116146,31.816203660031615,91.26692703211458,6.1072259936486955,14.972610539637351,muskmelon
18.876233897305582,64.3078670853119,24.5680382931856,23.56808367233661,58.613321770089385,7.139930710184261,45.232172132457215,lentil
123.3117028771124,11.462420907840317,26.44404645613936,28.09049652545618,92.50251556808946,7.163686274866609,60.46017605099194,watermelon
19.511861191772734,66.26165196430975,17.28315979514745,15.330629021108408,13.65680284842354,6.053147329422915,80.4149736525845,kidneybeans
20.589252759937555,57.538052464429505,11.432744033243846,24.95649164668341,52.09935584980567,6.068311853313672,76.50343049962072,pigeonpeas
35.66661018249213,134.64060398038703,199.82428239468334,20.25385995366377,91.1461901375446,5.405470009679951,82.1922724763188,apple
83.25303744039661,37.96930919102198,19.045070405784987,16.516345926767393,43.24525353264901,6.671382900612638,60.37512680688896,maize
48.34520041010887,48.2401252418998,13.918479291048754,25.309610310076998,62.37245978662289,6.580927387021232,114.38766441271949,maize
7.99595877269091,143.47161493069504,195.1972497137558,28.776358943966382,74.98505007422645,5.9277165614439955,57.500334733411584,grapes
13.554254667097663,61.54843132757102,0.0,16.13561409726668,18.377925535144783,5.392166196733022,104.14030375581629,kidneybeans
85.9548695674826,45.60385928424417,26.973478831655356,23.84640866455021,81.60135218071596,7.29878058332232,265.76853314053636,rice
84.0551485892259,36.36654735260618,38.52471319759647,23.542432402642923,83.91696932176748,6.899912123455148,187.65855672086363,rice
17.657476008109494,23.355839008986813,7.363957582007721,32.903198773484014,50.80810111729507,5.839970262640761,86.94350657778364,mango
19.62446571409936,17.651424983892944,3.7547312389979473,19.29080746661913,95.18690600340496,7.596057508336575,97.57451972454896,orange
36.24298392607283,51.04669499121827,23.83841856041262,23.979374844906857,84.99415005496563,6.9036991937652346,44.9669077135869,mungbean
23.972406083679008,17.966569652698734,35.20319023295741,19.839112208083705,87.61104934269464,7.060147667127618,90.28988584713926,pomegranate
83.2220240557806,46.30456997466919,38.07122040109907,27.3512006764617,85.10893235078508,7.2659202344737555,184.31485878739676,jute
93.45317632543635,36.8388044414578,36.4068274449429,26.57555157086824,59.05294434589583,7.379559410456812,133.49580262830096,coffee
40.089318731106985,68.83013150451684,12.46521678099636,35.21119582673187,60.3630402585902,7.72240653077999,64.60036071251942,blackgram
92.83562044968139,76.665830420835,36.546047366423096,25.856557777645758,85.88730876467666,6.03637040339139,90.20290979504169,banana
46.849545566550084,68.23474083492339,18.53956270027265,27.828907026201005,57.8419681010552,7.391085164813104,46.92038025733868,blackgram
31.1353925250934,7.9331250292596796,35.96691599826746,27.832033260767524,97.7533560346872,5.694115190966713,155.23175213791973,coconut
13.473386816124538,55.362248127656116,30.130436457354925,22.117027028599555,16.044468422063247,6.187199521821546,97.82600060984947,kidneybeans
126.39117407150228,40.9420124421906,16.66953690762659,21.97588705120848,77.76253650121443,6.91959144500133,63.5657974767208,cotton
20.22250937632872,57.38438098933598,80.6779603039188,15.141609889873628,16.827625674826837,7.221501025196201,26.87983987881242,chickpea
101.34105636929752,16.217388543711216,49.773004700627745,28.613657284258764,89.92433962695931,6.327059656990144,33.471512991134674,muskmelon
86.66414295417803,36.90513681107234,27.0244686312656,17.507987932457844,64.6269437826523,6.2893704816431635,69.5926727951973,maize
97.46200304683776,0.0,38.632135089462956,27.622871620843828,93.09418741187811,5.684130391044752,23.57118633711631,muskmelon
26.954603415060923,31.31907989799386,32.18686195198162,31.326096700045206,57.17912500259983,6.087456894124273,100.27786956023097,mango
30.040741559036988,14.534503211475464,7.35561985427052,24.772694457851767,89.04733436939347,6.890923388024508,89.20311799228546,orange
72.12290987210747,65.14754293948813,45.90467204934292,27.423181757588353,84.60290879135812,6.639970575220053,170.1388187165163,jute
22.289559540434535,58.02031993310248,19.236015413522846,28.95278467249503,84.06914468667941,6.441296433408172,54.27455600301125,mungbean
24.547554444756905,57.57321145298847,10.522522850701407,31.135237765595903,30.959003743525944,6.363427956788271,141.15471905994295,pigeonpeas
20.353519356448313,51.93415805180523,8.55797373406106,30.331385377826585,88.00551972010007,6.480736350062519,45.92973616819219,mungbean
92.9777975477504,43.29611576643889,2.9224506601851523,25.469126321969036,66.44288182806861,6.354695785078473,109.5369937327029,maize
107.97075112705829,99.58884081511754,45.5093837475541,26.823136247115443,73.73338885489186,5.931059811098569,75.22144952129274,banana
110.26747604302967,78.31863466106147,52.93659291151709,27.376243288391002,83.01209692984543,6.241899961575919,52.88422824945548,banana
24.782327076236673,24.209338443770736,43.0422084058269,32.21283814914976,52.09888286882412,5.850829064971803,129.80532854721716,mango
88.59365427135768,27.632174530351875,31.988075548056855,27.7023737724671,44.595054001060376,5.916151074464947,160.95371277102055,coffee
82.21194654632595,88.66334395741234,49.770546303728125,27.562018510973623,79.26825138079765,5.899604471764656,87.63537651970572,banana
137.07675813656078,48.1713575185929,7.695948396729868,27.631051297478834,76.53061750467644,7.113536406629975,54.34188796429068,cotton
22.163883088881594,55.910023054862826,23.347992596403074,17.597918337571905,17.958801353313564,5.489410236740654,166.79408449391713,kidneybeans
113.82087255706284,35.7866244804586,7.361577331214026,21.927930179176126,84.29626057038033,6.993228117490698,78.61653341106819,cotton
15.485494097910065,55.831365352724504,18.500806232768127,25.022401577508433,85.32885837593831,6.7681355083227155,59.216184754755965,mungbean
13.330825219671027,64.33211321171189,35.665687672472274,32.97838721011005,50.22328331263758,6.974629666926562,46.37264961346301,blackgram
102.60314422500383,9.95055032411106,45.364393601443226,23.632277739476027,80.78778022534648,6.625415832642267,53.017345155516935,watermelon
23.7182308968042,28.880909598436947,31.447492613310168,30.86285928259995,56.29279787728363,5.720442985245973,65.89605161094033,mango
14.29562334646949,75.5185486052752,7.874464627892227,22.00948880342483,55.096618656378766,6.735560614281624,167.27011958642933,pigeonpeas
22.957545068362048,147.8746226384847,205.7647413983088,21.971841591587296,78.02798301299755,6.119940937669631,65.7004442699273,grapes
19.27161369246418,11.008621673736737,29.7231520037552,25.83615677609529,100.0,5.803993139273291,165.65607615452222,coconut
15.822092163659946,72.81181205223741,28.421155340924493,17.787853224826613,21.22329140481733,6.103341213057626,103.2949606752705,kidneybeans
11.973460877106524,77.77530191740274,13.254938735906006,28.133147192602582,31.60610094535431,4.87957057467624,161.14019209285902,pigeonpeas
21.536629888795197,55.44518751145183,84.99641777766746,15.728658242348567,20.156373650607883,7.563357318906922,72.53733952591685,chickpea
7.991524531027883,40.63992099810228,18.961438626619575,29.164410769924537,86.62340826614425,7.146842324582413,61.78194358296421,mungbean
20.692086326298362,39.00559760430912,17.339226713827898,34.46040378151263,53.765563020770045,6.2062367120064135,52.705030109958706,mothbeans
70.51861372696472,68.98915564394119,50.09955585720281,23.27315370305423,78.5141979135134,5.443161393502403,137.79878013731195,banana
13.135053349739232,72.66225122651478,12.309588640352626,26.278601237289656,56.79134399254947,6.915691171104703,46.634215718427384,lentil
32.50986600023132,22.162539657236618,44.386491383444145,31.333694911007832,91.13917907965171,5.386266502349126,103.42000218577331,coconut
29.10786675345851,30.172475276017614,53.79912800697073,19.775673714966413,86.18490384253965,6.910789464300065,115.87814405182826,pomegranate
14.85153092718319,16.05104525595639,31.24319437321112,27.469316131269853,94.62832745826931,5.61913531876311,191.08507606698328,coconut
39.928831448714845,61.701769431919324,74.45447509793065,20.993061022719793,21.6631942149556,7.3935929175806105,64.78343083190833,chickpea
69.29187763945274,31.831697889417583,48.35807896314337,25.048051867681288,93.91301141342036,6.610094299362469,245.5081256504806,rice
62.67644203899255,49.6928296806766,80.84502952792747,15.471399050069701,13.111970361258665,6.947966995897732,48.856902517234516,chickpea
48.76516194420835,72.76477405916722,53.73152473452412,34.14207290554999,99.21532840197192,7.361071286487373,186.96523110970537,papaya
14.405983214687627,63.343495243159786,11.503629929227563,22.092925061793455,47.495259272185784,5.454235272663983,124.06434970773869,pigeonpeas
23.786719126664178,14.49615318688734,25.42000659215036,35.304679223350746,41.6343194453731,5.5003900402953825,95.26387311962881,mango
16.18303278385535,55.60945525881117,17.175229348657552,30.403535116845188,54.189825407362186,7.444033035131092,45.57174939319008,mothbeans
129.79267834131429,43.85014550031722,16.196677150775034,26.196220462278035,81.7899662854499,6.571882279069893,106.91224572828517,cotton
16.856305537960058,27.985445041411943,13.89472095886413,23.62757977154452,93.48111570112059,7.3629125229974255,130.43375573870978,orange
146.15093899305108,53.06627983837534,15.323952148150223,20.184706028675215,89.14601148932616,7.194936774237177,79.56048736839521,cotton
13.34668576762489,4.215195418914778,13.379759804745204,23.039224380607003,87.98190027112236,6.803633315308986,106.31428365494746,orange
14.896154031749944,137.25581806706364,202.2121340239251,21.340538232298044,93.11205302897346,5.65255418365858,125.63171738078854,apple
33.70196504629405,65.1033545017457,27.79014097890378,21.173457009122085,68.36160405490604,5.963322783657422,32.54090786016251,lentil
5.257581940624785,131.73587389883113,176.62098498852026,29.385313397210492,84.98466615699867,5.745733196201102,51.35528608986806,grapes
78.68597928321684,54.93021886650919,39.70742672037071,28.488752786851396,80.22239969483424,6.018613246959893,190.9577589535933,jute
19.67657611676332,12.227010640041716,42.793180675853236,28.17866162299594,93.82657457402634,5.638766254684098,200.6224376735535,coconut
19.401899492693534,64.06001225771215,2.2777590751722343,26.12162404296496,46.426821671515334,5.8198535285884905,199.5569996102044,pigeonpeas
15.100186250234723,143.86051352660692,187.99225134076931,23.764067194882887,81.95439773736862,5.845686776031695,108.43627674198373,grapes
44.190251620979126,40.841425562187666,20.80114329968061,23.513019247373897,53.931747320411375,6.333387224655333,43.362905857249835,mothbeans
15.366440123800805,34.56715547889797,32.99828031919836,35.46776250707008,87.23710355601189,6.170403162107956,38.72165859788548,mungbean
17.011888022553226,69.8530328306314,24.182750085992243,20.666949541213945,28.117797361325167,6.198343489748944,76.64402339630101,kidneybeans
93.66522007208982,13.535470352584184,55.999004339829,31.55361773654314,93.19478076281028,7.117726346097028,18.355875423738013,muskmelon
90.75137424383257,33.2590441994515,30.60162451960335,30.541180699022835,46.9016670048444,6.492284167430854,114.73415437594137,coffee
112.88948212280927,12.932828901065553,53.96930328005616,20.18772399493431,85.65753477226423,6.0187358776557005,42.89221800084169,watermelon
27.959644780533313,41.22459987093101,14.492383059166283,29.07505795304211,67.24830767393836,7.611793588986443,55.3956724835616,mothbeans
6.362250422444603,64.66111188488537,17.594777566881145,19.636068381425687,60.14600925881948,6.739582473032365,41.28042463573425,lentil
58.12851555170555,47.57556679939276,50.99645766861992,30.265705311409643,92.2896642388995,6.336985321192035,176.92908343386964,papaya
13.097599843413839,73.08547749602019,15.516409521645016,13.780498118963301,26.106111446095664,5.585161204173555,89.77752274478026,kidneybeans
19.209095072301714,69.03376242526726,22.14032228901243,25.78052854802637,42.73146804012823,5.77724925513225,190.205982243796,pigeonpeas
29.795620919322822,138.7053586998359,189.3366642812085,25.37484363987045,85.35055347436051,5.780950565645198,46.36860504035187,grapes
28.94267520439778,44.89093327927427,16.982114607229814,25.11530382663451,84.25032199766217,6.475052646830724,35.86760775956093,mungbean
93.73853813534019,31.73607282260436,40.30631492594417,22.547491699999263,80.3616345281902,6.901378912652302,251.52461748015705,rice
30.801360410096095,72.18347886894163,19.315141618070818,19.244989491985898,34.77713604099816,6.541396428051357,122.3585371956327,pigeonpeas
23.796674023516164,122.51181274318185,195.72081702090568,22.119282877828894,89.80779084610158,6.033021615448127,113.3311398087244,apple
84.61682389029978,32.91613258254273,52.93330825807446,26.027533656180246,89.56569936067802,6.967513504243719,167.3809887219752,jute
82.22017699764942,64.56074322148741,40.69389634613534,25.9045941722242,78.82538277059001,6.4986119176416945,191.45689846511246,jute
10.9545726628092,134.34693267834518,201.19627015872814,24.74435867753489,86.68895769262527,6.332830075316693,70.92500100751535,grapes
15.702449647892657,56.68714164048924,23.17126801765654,18.91674057570744,25.468993729677283,6.100953493085071,128.52031973403453,kidneybeans
101.54159434948929,12.121436494091023,48.76853594906375,21.848101688930385,91.5817917513834,6.2398582523638115,16.532317135947903,muskmelon
65.56863325487559,48.47708452450957,35.92921763649675,23.146908485879713,82.9266282470769,6.709585558487697,216.4296606446394,rice
94.10436414893371,38.85355139161952,37.3022003526127,23.88546822322909,77.08049963255499,7.129984473556786,180.45932831884107,jute
18.390481892041997,68.37127896959814,5.9039981039711,27.295969552233217,62.69399125756925,6.0670542524832305,40.34378862100624,mothbeans
32.57353389785964,57.77050071819288,15.120015373673052,20.90106232290441,55.16044409393421,7.166826740209981,43.64045955701174,lentil
72.58495678658876,75.8195958133075,42.04242185053501,36.82513835461748,92.17590890632106,7.117766655550295,164.70696702053218,papaya
19.093168017281545,64.49371886943008,25.65226010318262,17.775693235305816,15.29896571674421,5.743438931669848,101.68888710202062,kidneybeans
76.929323887369,68.86951799573922,11.198915570205553,22.589351635837467,76.3863016073845,6.795694820145707,67.59469871050251,maize
80.78878754897053,68.9170794715105,46.34999836255956,23.710086140145265,82.5960193374247,6.585569062641423,206.66897054742506,jute
112.15053099264453,19.600785022472508,36.0253284926528,26.952270696026282,48.56255348189654,6.766472520468839,168.52049970393543,coffee
89.55359425058315,48.40791408002106,22.163888702858166,24.250863232231673,79.21904020575437,5.76007952117999,297.27266477203295,rice
28.36051732616899,52.72009568378074,24.547276196598553,22.686385484824413,67.6951613586321,6.204059344529062,72.92841221440797,mothbeans
5.182005712636062,127.43355100933783,199.02310719127308,19.670538843987657,88.83612736599873,6.027900913689394,160.6060620546656,apple
78.4567225197781,15.075830605831216,47.43706390930775,23.223047618350563,91.78089443061653,5.573155910156242,21.218505318756165,muskmelon
40.20583909873173,24.98454255561321,15.65463335155109,23.058111527750274,67.5208353981121,6.436543599013738,75.39385217798575,maize
94.83658333822068,18.131498553753207,36.13892722979048,23.175197275862505,80.62346809780139,6.590239860223269,49.11837095659059,watermelon
38.34235083346128,64.92563653354411,5.077443477324625,30.384661753883837,61.39199016442564,7.60461402992442,78.63896256156454,blackgram
29.481127271015865,58.55715621479745,65.39937897936312,21.526380877412898,12.411232312912428,8.323827588038558,60.972310980712095,chickpea
120.99867273135109,36.62309260733123,8.89249136092895,28.937340188261814,82.56896706192616,7.0792325387900235,73.1253722288366,cotton
73.20003209656723,76.50923198651184,36.331092906496515,26.4714458117329,85.37884746853575,5.82124703935681,104.04966055600607,banana
13.995906066110281,135.64073838920373,183.23586797539758,17.037093800189197,86.15670685054144,5.850102445477463,64.07874051529599,grapes
39.150394540757404,66.29700615730155,40.70524977937481,35.452810218065245,93.63707102936304,6.481963262253688,184.09648284628167,papaya
9.55083364065211,12.121780824640094,22.832153176714307,24.464041077021406,95.2863430598287,5.9005919964747395,129.65494132292827,coconut
24.745116244351767,26.740311447304155,34.339538702879395,31.78379316258758,52.84763744201448,5.717251570762244,80.96822984890017,mango
30.8925129072418,15.62490640560881,40.85756851401583,29.30380687852861,98.1538605955234,5.4185953463172005,175.42851669933003,coconut
102.21003389222938,30.866908131004884,16.34002878511425,22.225801900867037,47.0732438390248,6.813153770660698,137.47566575274223,coffee
18.636722742120142,65.1323667280167,25.88586688224131,13.925209815423631,16.79525430664771,5.909182301945355,97.50413548761374,kidneybeans
21.89016616471211,59.55751037498418,7.317963019137878,28.09225764560471,79.57382354428928,6.90219841768331,57.326598437473514,mungbean
125.85116135407448,94.01730031039551,50.79403815195718,27.428908175872067,76.49064748224515,5.930811381494019,111.18795575097229,banana
31.81446904958566,51.717676405528636,27.39660285276149,27.108565788309573,82.60861430995902,6.889468756326721,43.3623255273971,mungbean
28.068818864047984,68.07738334421619,0.3060689891408934,20.68268311435408,71.10667289907592,6.279899431885886,42.0796889369566,lentil
84.84406795517319,49.35168833991806,50.93234091856517,29.971944229184103,78.65101530697562,7.017970795090005,174.86887693724628,jute
43.22529396281605,43.112389545657486,36.82784860403247,32.06482196113467,96.38695139986147,6.408621835143453,130.0918036747661,papaya
50.07403238401083,52.7708766497139,44.43131474752895,29.790609600579906,90.81275526182341,7.140003774194975,151.1137615747041,papaya
88.52399556406489,27.764684360387395,41.149393779650254,21.06320470749562,51.16756984670347,7.144301859166134,161.9388703311605,coffee
114.43909867620147,13.472537899656826,44.392838847327695,24.85413254424018,82.02313785767544,6.338940736738586,49.16532492507796,watermelon
19.51261556233652,60.5861768763405,21.21232636612213,19.650761229101096,31.308995763658043,6.175768168719272,124.39974874539604,kidneybeans
29.988526246059244,22.685940147033442,27.66322909582837,26.22550709224113,44.29099298523284,6.0064304305356195,101.4120391270972,mango
35.60944951808598,18.468094570006492,7.079634304568689,23.048370667389523,89.15697758508995,6.767519489041494,91.1811921401407,orange
8.605506832039383,15.13519929184088,8.33341470394201,17.692988115114282,92.44807468309604,6.861752433313363,133.64480340153986,orange
123.94736602263094,54.71808512241126,22.634235630836145,24.845139073272357,83.55623459281571,5.929346231667559,121.78103166557652,cotton
11.274720205045721,40.57530439576421,20.593329412848174,25.163851961920553,82.43274006475446,6.2098677273669605,50.05336678237525,mungbean
15.627959981567773,127.9050713090222,210.0,21.972622019582115,90.42859669655716,6.042783217546882,125.35911810589829,apple
92.23362137959091,40.209075715088055,32.37400399260377,27.482123850017608,76.79067768553259,7.411624083142553,172.27370605335724,jute
19.289615765301026,124.06187493309791,186.5550297574282,19.50308296185507,85.24623900564114,5.864836860764703,39.93319605763395,grapes
96.69448837490395,42.549393488092974,29.69186279728846,23.829136376359415,87.24586810720675,5.912020591942548,193.57700464314206,rice
37.056522764727504,55.43843803884642,85.25186808241168,20.83253474923256,14.828997833705571,7.516157390786469,89.59170682311947,chickpea
25.863268459500276,67.65528649116472,20.71607199811051,26.050961123610392,35.876317069402745,5.422344245590096,140.12949313226767,pigeonpeas
25.188526703728282,33.45372402963897,13.26831877524282,27.17543768790855,88.8981051036795,6.691461432371776,61.64242360140676,mungbean
12.585224079680085,143.00068652946715,183.61220343434746,19.97714585869257,79.04226940625429,6.27317871725533,86.49590412234159,grapes
26.519246926765256,23.336364380669224,22.133811798703224,24.349897968484818,88.16839482345765,6.686290912429909,85.54934333519174,pomegranate
55.588162477990856,51.23890075772042,77.28254498547034,21.241816153430364,17.28705035719079,6.75306895917949,78.29232570053406,chickpea
17.516160192765952,140.87506590239227,195.0097074498914,23.025470413884417,81.13316572307177,6.844611732524042,40.48926594343341,grapes
24.499877594683007,0.5651702289867337,20.3342277761348,25.64105514277186,94.48490290598384,5.399835539797615,168.8421569104442,coconut
20.811200267242054,50.294564744446625,23.756290936126607,30.763990593633054,81.53922964153567,6.4267697571163955,65.4102801569179,mungbean
19.039318039450045,61.79832329754388,29.67616561954309,29.432231720308266,66.75287256018343,6.606777118886791,74.34460172944071,mothbeans
42.59706682258018,52.68269203711333,49.88773155913373,29.159849476344732,95.25307986898085,6.642071568796141,206.97836436813338,papaya
79.52956113778907,37.746084779920245,14.972122158905684,26.097978815461484,61.6916939052527,7.069824020965506,72.94418803242698,maize
50.33786167938899,48.17549427793563,83.98394592148321,19.74004944883223,22.422931957319225,7.420369752357416,22.454190165400377,chickpea
111.15110261917395,76.33558112003205,38.83892007315663,27.771636935743956,77.33306072361513,6.058438314292959,78.1334712607547,banana
16.094495503709,134.97194147508225,186.87964122769012,25.73020316512454,94.62422913005427,6.322293655786367,139.1959162260949,apple
79.58703885370585,18.446249512719415,19.074535461654566,29.205081852057905,53.08480052240189,6.6693305415660005,119.63414555197659,coffee
9.227109017105118,124.68670645913852,201.7229671844099,22.298207583945302,89.8743118537482,5.682249544058462,110.20441500657589,apple
22.50589221899774,36.00598174175965,0.0,24.868264676231604,49.22512281822865,6.497275256064017,72.79287018963777,mothbeans
12.050520641258682,30.660775967703376,32.261023139145024,32.11320217230599,88.00372581442379,6.341564476889689,69.73521217870945,mungbean
34.25516980691941,55.502011249463195,22.456866900659374,27.80310795434024,81.87979280060395,6.730316619985741,58.76833750824029,mungbean
2.657045275702746,35.49115710427833,8.051160852614226,25.871149182319105,95.2524680702326,6.725404363478237,102.80501563624797,orange
12.73005341851022,124.15746082412907,202.00155755088525,20.96910307122296,96.63994154995183,5.92609451199586,113.17440984489068,apple
49.96554884498404,50.06302122893517,83.53511411070055,21.76791916836356,20.300187458951676,7.966577950694164,54.73121365378679,chickpea
79.96560232494294,41.97380240529554,16.137678730202843,26.482222437678907,73.83419608539384,7.0971850273001795,117.87019678764763,maize
57.006011697544,49.067899948022806,58.849332619641146,37.17369850919621,93.18371267463849,6.869007014519171,113.38269250750054,papaya
7.437640414150959,22.79339325423991,40.42173699141151,19.759152442947876,95.11106545436664,5.828866546834674,137.88072630729772,pomegranate
130.1471162345669,92.65656889480043,44.90475794727235,24.94074985528518,82.52406715202042,5.888695984652968,111.59990707997919,banana
35.123671946195614,55.42604959235292,20.353111173324745,27.837774471886274,57.45917245754898,6.742163578760275,52.84460748533582,mothbeans
20.365035603076745,22.39470334757199,19.338551949788517,20.036070268386354,96.47318355822954,6.312996317347886,134.79276181581247,pomegranate
79.03667037787758,28.490026002050236,34.179638889676006,25.20282639633462,72.15319337615362,6.398175142068007,143.47240707765698,coffee
96.2980248339656,15.123668806795125,58.14628513616317,30.43213498875513,92.03749186974164,6.445338446356343,47.40582945921116,watermelon
22.501700634198414,62.46162438874467,25.95466870999741,30.100916747402856,51.2741109519754,5.772180147476103,137.48644620059127,pigeonpeas
18.641004131362088,78.81279015558925,33.412758385965574,29.86939383043471,36.0965651183163,6.145303451227944,179.78013163507174,pigeonpeas
5.046398980927837,27.395041305770594,11.990949556444878,20.998747416285653,90.43591483495517,7.485960147630094,121.8306009105745,orange
48.900397376517155,48.69756614992903,45.323095734270225,38.245661631389126,87.83535999036398,6.407242817621541,168.81458961587302,papaya
95.20545864499582,14.913359102067009,53.05531008756416,24.121389312967754,88.6783474985228,6.279499530831511,22.836995216846717,muskmelon
24.79667615832302,50.04347687208954,21.80886408035497,27.763792623281866,58.126281074021136,6.815567426472489,37.27212536971038,mothbeans
40.375232323395984,59.09129070374037,79.63000983098979,18.356874670884658,9.790106321799936,6.993395703135667,88.29248107973693,chickpea
21.634541855563473,11.344904402689473,40.04505065509351,21.92554009383987,83.25213504556584,6.324271870972841,98.93887629268623,pomegranate
117.99375937578972,20.661637600707273,29.761899043116518,23.076525544570426,69.03377001939039,7.4561906217635405,157.52009699781095,coffee
98.56218046933819,36.688160491019474,24.05056231019149,25.0614990723777,70.26834220516773,7.153045022600732,48.631271035600804,cotton
117.50340216756422,15.349020573367753,46.86752214678203,26.429638927716,81.75171224795932,5.973272553348997,61.77262848126213,watermelon
29.564037659859068,24.880716114128603,33.12192482989552,18.550428489823922,89.1597769080072,5.88198412926744,85.76612002492806,pomegranate
58.22055221342843,44.778007248085714,92.33097284664586,15.945053402916226,17.512361835515783,7.1029523810398905,50.83976798597541,chickpea
121.21434141601412,36.130400938731896,22.097586845629216,20.475389590277917,78.20355777486121,6.6428427405362385,14.852647146668502,cotton
13.170783641650365,122.19819494249577,205.2347275514705,23.23997987045649,83.90632436617813,5.879667351468863,128.01439660682215,apple
89.65908189915287,24.498278989689773,39.51281598069882,21.470309189121387,75.90593469788186,5.960923816535625,216.6350623719675,rice
75.33353369794936,43.569913809837196,50.330944190195595,24.627739249940962,68.23436649652454,6.660482162124168,186.76009920486408,jute
22.15348631062126,37.38807810664579,12.94697854018959,29.90622790305487,89.43345037703048,6.305737532413328,56.047371726077046,mungbean
69.66452526643448,48.358412569330234,0.0,24.5315429455402,32.81269739828173,5.338268296297291,96.2942150235246,maize
7.470505832636183,147.8377889806547,210.0,19.28184699919897,91.00504320020765,5.637681625375608,109.58946611084562,apple
20.124205174828592,150.0,200.0887477141696,27.281836060750535,79.00909913974402,5.896240295799004,68.18829084665427,grapes
30.283343748930704,15.518805193747548,12.557676612167999,22.90068296573201,90.1276659968778,6.8423423364763964,86.3139331140331,orange
21.863054228129805,28.577871019256364,38.02327895158462,32.72805224345339,53.536143197666235,6.094393641946236,58.507707259056176,mango
130.43049105678296,39.84017214822827,24.343485337444257,18.825548286477584,79.40007592355846,6.7901360460769435,108.95690440360559,cotton
12.598714220422238,16.91360562223455,29.49375256866569,33.4231228081043,37.10553385918857,5.511640852938237,106.45303417980813,mango
30.83068437434486,51.920621165837424,28.08625107204588,29.161485337349088,85.24462412340078,6.589876315055179,52.405732522634466,mungbean
93.62939995220717,56.30099316404514,24.91279341690099,25.393388188299532,66.15728458677202,5.651331162726478,102.51807892148965,maize
25.990511087859815,58.33249149793144,18.774152317934288,15.52760783598157,14.756286946461442,5.933419604654482,104.63783266461859,kidneybeans
35.79048828224329,124.90114563927806,201.13859618150525,23.082846143046037,91.06602904555008,5.599118494169057,96.30206721987025,apple
111.21774031289758,86.19996750069993,47.2293069296146,26.799152584364304,83.80733207594496,5.545681565244041,109.08335734905046,banana
17.315198960096716,124.47028750884529,200.7276786392136,25.195535084867355,94.79821432542388,6.634475803114066,146.55918915908222,apple
30.088354563088636,72.4439340357767,18.139998764554196,25.85735395504126,65.59037585415498,6.8239108326707605,50.05727105807596,lentil
43.64787564352033,55.20957632436568,60.15656062547939,29.72446614921553,89.16705459797764,6.940635503924694,134.02141013645507,papaya
20.52481135208039,1.8766828927197512,22.842185154974974,25.087065334392456,94.05041664457812,6.067805715378682,221.22307093103578,coconut
16.166112970426383,65.16702818648466,53.366308896523364,23.409811692823695,17.847369355966304,7.599869607948796,51.95777723637897,chickpea
24.663179036924344,22.539422617885336,40.200602177266276,27.62618386934952,97.7784467703382,6.0839095201778095,188.05559854770942,coconut
20.37047971835312,55.739219596495076,29.81552701148751,29.52320065658408,55.268728636964234,6.4953003394339595,127.1521297153972,pigeonpeas
19.13263748165966,13.611462301431434,10.665114602638319,20.750138900427658,95.6117277861699,7.650613549657797,138.99623660741912,orange
105.40016140551403,9.104646338039213,75.53850776975325,24.148422042051237,86.01796503941989,6.726586209914484,43.07051385119351,watermelon
76.52888831058986,37.376765419723476,13.126351851395441,20.84934969238791,66.34075570633568,5.722187416299302,95.93780621549675,maize
19.193776672432104,78.86992729908837,21.82768545385857,29.529504770263195,50.820878908348796,6.023503353742087,124.24868034123881,pigeonpeas
49.698976936554125,62.23751614786005,25.046572033506976,29.23388419238012,55.11403217147239,7.369091751399098,70.63036953722506,blackgram
93.13989921657803,34.15153550588904,43.14979231360557,21.535104338499686,90.25455465416258,6.582220138961912,30.272676372668833,muskmelon
6.233494732103576,31.31787613805081,24.432816902799672,33.24136971468933,60.53151958283357,5.724833989322797,74.53377438468216,mango
35.667673433769785,63.2774646995195,87.01002888022748,16.2771474816982,17.18240377807116,6.387352172534789,74.23427568341194,chickpea
20.509614310820755,60.5320259386113,20.296734468470724,30.24699790979935,63.86625523564934,6.953697312380988,83.20227547489662,blackgram
109.49383639555978,45.90742563752173,34.28254715379782,24.429277690842508,69.70368458599559,5.837694474241138,63.656019435314704,maize
16.855576499311763,78.67401527738421,20.41321371557852,32.71812789827376,50.566944990430855,6.326616331434538,175.16825661309178,pigeonpeas
35.569878467585326,59.60293717653022,85.30945525963654,18.08671971143,14.951755358159991,7.236941615301784,31.58168148209637,chickpea
3.9774900917933635,57.40132074655085,27.865919755563233,24.4842185802689,39.711248371997286,6.554762818257201,196.908904033314,pigeonpeas
26.35077190731599,129.46551486548836,201.8654805585398,19.350225482653876,79.150947878386,6.403758528376605,57.25588149995214,grapes
119.49967529316356,80.8957809949159,41.3732968129294,31.219970828166723,72.36652192239016,5.429394768450477,116.30256081017663,banana
13.936159898583611,25.962199847915297,24.63127285825913,30.937780433603194,41.68579496614748,5.287713025312648,119.45382965141783,mango
71.69756098085632,63.39946892824547,54.46863067680864,26.008187013169298,70.36934081775237,6.712422996145185,162.13263106511133,jute
37.755118926934266,47.361051002271246,60.86633815466338,33.742538567415295,93.43593099398535,6.797903523832048,153.19221762279554,papaya
69.42990105695176,43.203885861685414,41.96776096656957,26.461585426252256,80.03129413887714,6.660583627866057,219.36644832338484,rice
12.265651830671723,53.647100032131604,20.169589148098925,19.917992146922536,62.94264307094592,6.868328253126916,37.713880039999324,mothbeans
9.830006720700775,37.17293177713184,23.156795370964325,33.53234924018281,56.14979999451518,6.6065517246743735,61.49275950275426,mothbeans
101.95554545589984,13.297876922666145,78.62263577284521,28.467475208920625,90.21082385064969,5.848679305578767,34.44324957435413,muskmelon
18.716754090037902,13.182119048042729,31.216110760927346,27.624885884156132,100.0,5.898512133964843,146.19513882810224,coconut
126.53443089107469,24.45739501792707,48.715874171686934,34.59682572934959,80.42412654813342,6.966086552830145,29.60790651783463,watermelon
81.93318733515937,26.28781883939013,34.89854049115904,25.410609785225997,60.54000125879791,6.487773254999947,49.75451427630474,maize
53.67354525983141,41.8764455834413,30.864968766938084,25.03231642079626,63.56210425183818,6.0911576532826714,75.40497685730637,maize
24.52330950191837,20.072963089062075,28.96066256016794,26.328719469698964,97.37342191548271,5.674729135071679,195.8608538611924,coconut
17.594576805429078,4.311725462480634,10.637277524195362,20.677099324770094,91.2723435079451,7.045513978259982,135.45066267973252,orange
5.376726250262292,27.875993004487576,16.518827003288045,33.08008602896698,48.01028536599523,6.540433686602728,116.42625688745214,mango
5.890362966756568,14.124018050302338,32.71351895302115,26.94743208491578,92.18248090371166,5.38025332830381,195.15806065072155,coconut
3.3420700509610057,48.705895754173376,20.20616154955993,28.548786260616872,69.84992238162667,7.420298273096536,61.775913773749785,mothbeans
24.968802676359225,14.053298283200228,30.696998573606834,22.84340960191333,93.77980610067685,6.766107354658618,109.29719777789585,pomegranate
88.71165642994696,44.43216805607308,38.29592418835796,21.66155280982374,84.15150679478776,5.974231405407116,256.62340945253715,rice
69.48454634669945,58.10209286562755,47.90510672037722,29.257471541818127,93.04905177475038,6.621532733233192,139.13319523795346,papaya
57.60902386127607,84.48426554101147,18.504262295724136,27.4028664521023,57.640159111410426,7.490785660171484,43.30803995976257,blackgram
17.70023094355331,61.24736965627251,23.68593608094771,34.05342811481768,85.88615072634056,7.679121101437163,50.13025470620462,mungbean
16.42156154398824,130.8102768358227,192.31585398510967,23.610791417956793,89.6005292854514,5.56126612556376,134.6348962121199,apple
115.55687184946927,46.56276314015218,15.161864962450196,26.869853930260366,81.45764273860883,6.677216755930652,50.21940506944391,cotton
29.49335981453467,16.382079284423526,41.55365746115593,22.721179369953877,87.03693358494183,6.477483786454063,110.4887113878842,pomegranate
10.843153783609107,129.3063439630692,199.5992612545288,22.525055216048813,85.59441320573973,5.9121758660304025,112.5716353909889,apple
8.564014093092252,65.84948122880138,15.129192734837138,28.50461742133377,59.835077285426976,6.3065101221019635,41.80513462231,mothbeans
12.302728294941792,22.298961331554313,7.8826594789076605,19.543049415847797,93.61182803586846,6.541129423437701,103.42035416495995,orange
33.46036866363078,62.15302629941512,67.70565304504393,21.724188530553956,10.986517070494848,7.08545354565393,58.27896720048883,chickpea
72.52374602029964,46.90935992572267,35.74303208429726,27.93319302636592,85.011368618993,6.663390773257116,151.83812608071824,jute
120.88053959236923,29.82306515011673,14.039540879039544,27.149471434597434,80.8488923135655,6.94312589050115,84.54344341150963,cotton
91.81448476186512,21.23794259247858,70.30363441003101,30.461714794044703,95.36779455426371,6.249035987421305,24.837322924404624,muskmelon
126.66670185908033,48.66830603289739,24.290518612904926,21.306408213920584,81.94399333440617,7.543282370978273,46.40014465224806,cotton
19.066938026051616,7.645760402989289,41.22382323604816,23.78085125391186,86.77213828790951,6.157133165542396,114.09242047134978,pomegranate
134.2481088232271,48.08555914904957,15.292628410005602,26.97046301733202,81.76749644222892,7.429971043402007,81.60951226779135,cotton
16.268667951940525,53.9119702506196,21.835682915667437,16.43276270570693,18.64589171112232,6.095730410269961,70.95666602664133,kidneybeans
18.30762717535577,69.0975121962329,24.64959049595402,23.694627292684366,55.17725608750064,5.956685269012612,106.03808224961867,pigeonpeas
73.27153687957468,49.523339506431384,24.342409278194857,25.912412707953365,79.30614341191128,6.973906330366782,134.22958780398113,rice
24.986328530015765,68.4793447718271,18.13719427107532,34.66173876629144,38.930630149040994,5.90215382117158,150.52100563226585,pigeonpeas
91.65867672063152,63.52538786629054,50.0286528504553,25.48206099790112,73.12179656848501,5.889507270406105,196.9539734756126,jute
97.9514782282924,63.62726717729276,1.2978127128469943,27.581170496931307,75.89565494351264,7.374576388847922,35.949199441691,cotton
12.342864784208508,23.81735399744226,35.31677626685841,22.62616395164609,85.55393738010164,5.859066792305441,120.10538315140793,pomegranate
120.36666325456,71.64997769859133,46.475494477795635,28.83015704874844,79.35225681107836,5.802645812586716,125.19084307738804,banana
15.561788956833874,27.40371338599541,33.001155434456884,25.567037219758923,94.18537868448325,5.95320263279524,173.2999260962771,coconut
92.82493917262958,93.59096444094183,46.07262421770433,28.263819333115848,80.89781186886452,6.297560749485795,107.19893784295255,banana
19.933760928563306,58.91752052800883,25.001695444635725,25.883116323153267,38.349872752204895,5.760951853506046,157.90509427107932,pigeonpeas
94.99511437415116,6.981694088825524,45.34979908829025,27.300675010064754,94.19196981743636,6.244764665959593,13.860326065291877,muskmelon
22.05193582754832,69.35253957171064,36.61369060687219,15.464038605067294,25.29523029088868,5.88310023904565,60.72255643573456,kidneybeans
18.89795159615,13.449498639337136,34.73807254008129,21.879962615056524,86.09244745445024,6.580691738249407,95.56842080701637,pomegranate
64.97178685562702,55.691933365638796,20.176537861807443,25.571408893462394,80.21921978106747,6.484121693253696,184.74062169722527,jute
71.18087745350955,29.926743522269525,12.11873574151339,19.55663328590572,81.65939273660713,7.100870973873573,74.70626455788377,maize
17.634446830249043,71.7974287562796,28.913279987363477,20.011644556012776,69.55838358964614,7.312609509997481,43.76347523251861,lentil
23.763602844561365,71.68197843557631,18.823412003931168,27.322431102482085,40.182097702666724,5.469658478417737,176.92016256883826,pigeonpeas
86.2083542805904,61.162096816512076,19.367617231952572,22.226689724426684,84.95453161396678,5.609202800273029,289.03796192214037,rice
18.084010915306028,44.21714782635794,12.332327154437891,32.22534653273907,32.68633666003469,7.198929600139635,43.04382593303695,mothbeans
95.26390113833276,33.52156190470657,36.51163679583188,23.743070490049327,85.49133530055245,6.378666898691003,60.887634497252854,watermelon
69.93289583905128,48.12009471551244,51.55312036106696,25.826284416673317,70.5435524570095,6.55218336451513,232.88134292930312,rice
13.215939658214374,8.74297081124868,53.062853865193034,24.363013220748908,89.57607280004486,5.841560321477249,78.86674869087496,pomegranate
102.03586142613123,27.066273173314695,40.627218632416415,25.991507304316432,64.55652845049448,7.086102954738053,88.09398989608097,coffee
13.485699575413742,53.26557250493574,24.47038281713852,29.162877314544243,86.99489817369617,6.821497000980531,68.25084144967704,mungbean
20.07607787010496,126.8463720761683,186.8791790483411,20.233679438872898,95.97855489028873,6.336298146769588,92.59903996755958,apple
82.58881876583179,60.790912564104346,41.59991613573438,23.644085021670353,83.42913069801271,7.053000870853412,238.77530005455426,rice
95.57358016146569,85.59487394713176,38.70378604259668,27.645352873073936,73.34633781569617,5.9717863132619335,81.62857000286283,banana
109.52478795675732,14.82252804264836,48.84172099633099,27.276694282089554,92.76681375515447,6.583009817312359,32.466892094584544,muskmelon
88.1351486356211,44.388181048389775,36.33051902203158,24.441829804372983,74.60023656849413,6.952923920836675,182.0333592695477,jute
24.81259667413,20.398510242970577,29.937795771405227,27.77645478547835,92.11614676216416,5.431528577508107,172.47235166236862,coconut
75.63536067732932,27.63781586569126,42.96554861298065,24.99523258048574,78.2160482318023,6.326886693587978,175.06154588969042,jute
17.02865811134345,75.82351929791736,15.66413279819046,21.444769273547966,23.71097642862128,5.897872770194939,103.63787013338988,kidneybeans
54.66903789481525,64.07142466627684,45.44600519159353,30.707255568044854,92.26928262565916,7.067667273323268,143.74044986290644,papaya
108.65515990015543,32.1050372687362,16.10062988183669,24.955196041667588,50.347405204508426,7.312867152778543,188.25948730942625,coffee
53.453852099826655,69.15365501892451,51.99769334655794,37.37471699993297,94.60381957407579,6.504668230371462,141.49923385115576,papaya
27.23271167914976,17.672344589136124,28.416418944519844,30.267290104886683,53.343672840342116,5.796520651996466,84.08232832394282,mango
29.560843586775626,59.068434926619176,19.157200761092557,26.64114163504255,65.76845711293954,6.713817328835254,38.102145997873606,blackgram
111.19610266594479,56.208216614468924,23.70578341850348,27.654100055475613,75.07176331288355,7.412371814111624,79.11187903421637,cotton
20.769491882729337,63.839148787334715,21.70141614963756,24.063922471065332,71.18953512879014,7.165244952426293,48.0058394510181,lentil
59.748910853573584,73.97194418033061,17.121604847084654,31.486134218386923,78.64752222967019,7.899315593336533,89.36404420278345,blackgram
24.993305972181613,49.74589872222096,73.54626384371433,22.685262436840453,13.80248304556262,7.456085463731504,59.2336759427684,chickpea
17.74835757659803,18.864640355834496,9.87114602187239,23.63523596344422,92.5619465693935,6.765029579091119,69.48346481677234,orange
9.472785731007924,128.44150911161438,203.76455159210187,21.8437382040805,94.46802218312595,6.386036804850366,106.95560283483579,apple
10.553679737439952,26.913580884533303,38.029299909902335,31.059903749608058,43.35819296287151,5.300984615761068,78.80810834088842,mango
113.77122940525572,91.04729150156399,65.12886674753535,23.663128015542917,75.46408442199467,6.329256387746921,51.97271040237206,banana
34.64912846623288,55.96837323069951,86.49357005861648,16.517247277796017,14.947330059924926,7.235837106947374,89.91877369644516,chickpea
91.14459241488072,38.08485819672721,47.43359288058152,26.10633029519181,83.08155233125677,7.441275666467273,154.28397687744962,jute
25.6940482497671,22.200512879871518,27.461704575470886,19.14259187117599,86.38507377621472,7.110527719216233,123.12020855141216,pomegranate
95.64645299466001,10.66791759233839,52.95891281189245,36.053129820389,93.65259321707671,6.362804593957055,18.680196100096378,muskmelon
28.85727428354636,50.93076653266917,22.122541440623866,25.77063877733665,52.031772673760194,6.98050055181572,60.742936095690126,mothbeans
29.976922333494016,61.852280500820086,6.220579030667503,25.957520923579363,75.88271791237163,7.043007030245358,102.03314316982171,blackgram
26.790927381083513,46.396233640547365,8.720372079884442,29.365608173911426,86.08480911807263,6.608928948325669,47.550562980200404,mungbean
112.84782609672484,35.80281902883357,10.587496043692491,24.796317842312572,89.05080747096713,7.0649529168081955,72.50464541424834,cotton
45.118959120492434,85.74451394809458,30.884171909154386,24.48461617198804,60.70609551725358,7.268580296222135,66.7349254037417,blackgram
5.714570421970402,11.323670937351832,37.774831764667574,27.000683778156546,91.05056958871448,6.070571261650398,176.67510854501202,coconut
112.20766578867234,36.928940622972384,15.69459373488236,26.449650384585656,79.81351773521743,7.295878419161977,49.83255828709191,cotton
52.601828970447414,45.22699514164517,54.539125037874584,22.164781935563003,72.00381106984169,6.788318039819191,209.68572910431504,jute
87.38105517005401,46.79170598844151,40.086437056158985,24.466720755380578,86.96628202065999,6.700962354024116,224.24128029033682,jute
120.61337815383925,45.463218947629805,25.90349284788105,26.088646655490734,77.11169592816658,7.820824029372031,79.51233295412094,cotton
20.58687333855067,8.571223599991523,30.010721488568123,22.196645417844202,95.88669320268352,6.460966184623502,96.76663175046012,pomegranate
62.26362426538517,57.39309799068419,57.61216550181529,31.012589704163695,92.73661515431967,7.100882965775146,153.30248695349968,papaya
24.528312826508323,13.035864725046524,22.314342804195398,30.943863703938803,92.13649231621568,5.447959200106212,170.3256824119866,coconut
109.57816200149355,43.49912404355489,26.19913060971266,27.317006364972556,84.63102931545335,7.034541635651366,74.84566877224688,cotton
114.65223112455925,13.34203835887127,45.89440086165598,23.880567181161275,84.67509509504761,5.870544761639184,41.52791864950048,watermelon
23.69908527080256,55.91498932084825,9.944130597045207,29.932445011455947,47.12741225485178,6.9592390333982905,46.58798558588994,mothbeans
76.75137862116455,17.59037451077942,58.45828323816574,24.291164093550435,90.87099672822075,6.953158068756545,40.30685540710982,watermelon
24.39777649000192,13.478495774152911,45.4393169418334,20.343596789211812,90.9521575164655,6.090001447436302,122.28777885357863,pomegranate
53.36551296660883,44.41588756141318,20.671848026515633,20.22597534171088,68.6482548613438,5.5289124168145465,74.82640628068603,maize
15.955098379097393,24.15626666042077,25.450241127013157,39.8772717719293,44.6990787986079,4.972529218445668,63.00136058082329,mango
42.43017561348193,61.86057545252148,11.270517023420501,24.590427451678593,66.79114165654445,7.745376384090143,71.65699658133869,blackgram
24.643167718868828,72.31813394320888,14.683306621931226,14.864211655804578,18.161389283736494,5.551671445727765,119.65498171632285,kidneybeans
36.584861856185995,82.23893828123862,24.297162251924824,27.31909766930555,64.45321769310429,7.088674665739093,54.17680219267728,blackgram
26.025696518622922,35.69739852401423,11.594688806134808,22.75444591154943,59.9311792028608,6.925161646595232,57.57901273899156,mothbeans
48.68912790503604,58.30443923677032,49.436388987810794,31.32347503436592,94.29470166580478,7.031230397019268,189.59642094751865,papaya
20.147153724570558,60.010624500380544,27.114770030178793,30.899007260346327,61.100396928669504,6.337171214223194,187.84811778780013,pigeonpeas
100.52292795796734,31.391982214757988,32.0499688729665,27.157349622676662,95.8643516534931,6.3032914016804975,22.62926773612002,muskmelon
31.125361752578403,48.40160714233035,74.69707979504372,18.45010733071822,13.778958748067758,7.43548131128606,61.07861243082333,chickpea
15.604477861218617,24.144789179834916,10.723939438021207,23.014215180181818,87.09209793888692,7.162399462064841,115.74593688165136,orange
48.187639503474415,60.945925329577,89.41626459358024,21.612468311099917,12.977366848875931,6.476742381251702,100.86985712029107,chickpea
18.91577745765081,48.36559664400874,13.467650990426229,30.67008147322955,83.10049087945723,6.595969384218001,55.30547725835108,mungbean
99.31103134086997,17.806864799235044,49.845960629493156,21.622850376405324,81.64634546991297,6.251829517498619,31.136742633295672,watermelon
53.75459729115933,47.511020937021534,39.83681709871247,33.04584713744648,94.79598618001546,6.239604036505211,172.8352335466793,papaya
23.535631951246664,9.084854242751298,32.076511425760344,30.458306457372704,95.51180203165201,5.3185950085902025,153.83009345382774,coconut
89.72905064569704,15.16287804961728,62.31928324207872,26.724573592048685,94.84867339713449,6.149861682891392,17.87469042578155,muskmelon
71.08650265498726,53.39922605132798,21.89564310975397,22.58016737599931,72.91080259946152,6.08167058767405,40.481547310913236,maize
100.10504737977999,24.334064007832687,25.872290956222688,25.713166224471482,64.55669967498172,6.526176760835964,163.16448192940322,coffee
22.041546814048132,61.02222086059792,22.97860448048244,20.506844783658735,20.43041803473458,6.510687938847048,105.97873211583652,kidneybeans
23.745755045632883,24.14786989872479,39.10258861270671,22.58585016466375,92.98251442769369,6.480227655426741,102.14683773471408,pomegranate
83.53172552464895,61.11116148499621,27.776256874600968,24.747108366920827,91.10649425406554,5.574120425910367,178.7572317261667,rice
95.94353603026826,32.00431793987943,55.8488568772752,26.339229520458712,79.61873673089949,6.876819073734125,186.6322733862275,jute
1.958595532207653,52.07129803208276,24.152823983654574,27.401104525967103,43.81677699847993,6.844467770444642,28.03201447529617,mothbeans
54.12513069961006,70.24098839841025,83.47862571102081,19.47169853030858,15.9548387198629,7.471409580560011,62.584436610758765,chickpea
78.73125083845042,54.319688030857385,36.568372992667534,27.71835576610383,75.05364466949294,7.471201021223807,202.82596576235656,jute
53.0824660687991,55.06531790846124,87.91381057102275,17.809258476286626,17.568740767430718,7.4947346123680205,60.7488856735084,chickpea
26.529262464888806,15.994932024993883,29.487666474791794,26.51175976303342,88.49931298996063,6.187522722299145,181.11163915962698,coconut
19.98742396424643,49.10180577781358,11.641528845547302,28.319458583808046,87.55699498087186,6.8310402337084515,54.8424108469451,mungbean
19.99104222401688,42.64964502101334,22.85891977724539,23.833793376780683,28.879601442726948,6.532381715502626,74.5059953654634,kidneybeans
44.70809755888227,70.15958476767844,23.87714809049362,20.112045222964962,15.955170112058735,5.622439345432498,87.34576833269165,kidneybeans
22.711508179696544,72.2747204433761,20.819382485751294,32.3855225781808,81.29835317080644,6.683165579345445,55.43478247350651,mungbean
5.899045576446417,25.185374324058316,32.71385637460715,24.270498101071986,87.0664226612878,6.183640923894881,111.89663418954093,pomegranate
25.507794263779736,23.138011815796624,41.528697843034635,25.53848311409487,95.67849594758383,5.999119823141194,177.13456399259536,coconut
106.64316575895161,33.67854898609011,42.80689837001405,24.131768689005494,49.62468072129724,7.5073389566361115,163.41304456546078,coffee
106.29073942876539,4.367893619438048,41.69219670006406,23.011928317150396,87.82292056658295,6.35318595762778,46.972922320670335,watermelon
10.177198955892692,118.33328064184609,192.37223331050214,23.763019661807057,89.11616473308601,5.380620725710276,93.81869378324427,apple
8.422928815333606,24.368404939890624,37.84244376652179,27.116321066453658,87.89517744482346,6.738393671902717,126.64394661198611,pomegranate
84.58449856462182,32.95508513668657,36.045893199943634,21.57870368652782,53.13759367515876,7.648589820555898,158.01294405326547,coffee
9.519407653573953,33.81110989464959,30.430169331618856,24.43831991715524,90.47368128574608,6.231951976655932,104.10342231339587,pomegranate
32.4783913193248,50.908971113966444,69.54540713569023,25.002889304770463,17.282057835847855,7.298148403598133,34.472034073154106,chickpea
10.816278670220786,69.80863424654831,0.00979157171659395,22.27817950890175,72.68822141295925,6.8499417645155365,47.41495203599237,lentil
10.918851566520605,19.829114533278464,12.539817894645937,22.72112900666035,92.82721943872019,6.854973421462527,111.96301709111762,orange
8.529997329305715,41.706302621349806,28.510769540366898,26.781553072553045,43.98232214685555,5.139677094910566,108.0731349117128,mango
44.37926403886111,55.94170645519223,61.64911805425043,37.24377050345734,88.33372403672075,6.6166964667568875,165.98213397484162,papaya
101.94954336829343,33.11236945677149,33.60248467250252,21.220272175783425,80.05095098422116,5.7116569262218455,255.40603787257618,rice
7.4091285557129165,39.343018191182345,30.250670851716155,28.224330367406534,56.60869826963058,6.669289396413481,40.10753455740095,mothbeans
28.684875223792467,34.923331016150605,26.37554952022572,25.896877528036587,65.8125710231634,7.174775269463073,34.879281936889576,mothbeans
8.920135029394027,29.464772276112644,25.579973145029456,31.634530040297413,50.436105490477246,5.988693435540053,93.05338580922978,mango
32.81052968130437,62.35228229095266,15.652919443072612,31.435277295438077,64.09944074425607,6.735637114320017,64.90066709668777,blackgram
15.738114615717802,48.1650517620031,31.335555326325178,30.422461702068844,88.97935994011097,7.463516143382787,39.55344790740243,mungbean
11.477256013553317,28.0161299636018,45.05849191756461,26.26753996709593,89.99452495078047,5.346600434772353,163.4537154766572,coconut
20.01893843718584,29.07170052934847,38.31807954773048,23.759413020575977,82.83186857646469,6.211854794543762,105.55377242152146,pomegranate
76.79153010116478,69.22181153967352,55.14025204961403,29.12364870403546,79.20515945885391,6.228069001643404,115.75576333746184,banana
19.722749188696167,33.73306578702221,15.341171204307413,27.16122653944742,84.94354576519585,6.8918930062090045,65.26890100183465,mungbean
17.381169922036143,133.81272689099632,199.48661997463205,27.503874948037076,70.26413135830916,6.012215321832735,66.80755436457719,grapes
100.68154833896742,45.03391446598511,30.266642842380975,27.260122866196483,79.37400278942201,7.525467469744623,54.818029864632116,cotton
117.38082487162737,22.161697384828614,61.250534896876154,30.571382058829318,81.34081583848872,6.1811582263473985,56.02573080572786,watermelon
58.57135085232155,59.10823524306912,59.83653595210892,31.172495365374832,98.39906530984763,5.938140485798423,105.37162730194265,papaya
9.492967684338625,35.964555402713515,62.37948634987012,25.89809875639953,95.10191594309804,6.366180656706544,128.33093411494417,pomegranate
96.37669684383317,11.698505869578199,26.334346996041234,22.715630368937877,59.978193738124176,7.047882867521748,168.11581656232715,coffee
57.527578553084396,65.08755386185139,12.324577974865056,25.996891708803417,48.50121844469319,5.734867656364974,122.90921616813341,maize
27.101650054271307,59.22128019834907,17.25171424939441,28.102533147173723,55.40491845411629,7.076938160139416,48.003853369831,mothbeans
23.034754793444908,38.5511038239774,13.875296693693413,30.78175152203766,93.85398860863782,6.892123126889675,37.23095135074281,mungbean
92.44448354329278,77.90633070324164,49.66487209339686,27.416835723727562,75.39922824314237,5.906424016928644,89.58654354144811,banana
40.44217002900183,51.9087401505896,80.81205509675252,18.91594664531277,17.965907899065993,8.082610122856162,59.52454442917529,chickpea
7.5285010077203705,12.263792839361912,9.458115780229262,20.333135621169284,93.05343193113742,6.672596782196677,91.7102145972914,orange
95.865793135602,22.78082157288012,52.87999755473811,29.20884357974306,92.64905096893813,6.561810989938285,28.236094072693618,muskmelon
33.63939223144356,15.136497627252751,20.55150811962918,20.84256231672149,96.47529411142041,6.249722957394879,104.26981889243618,orange
47.58156261774598,66.63070207932701,26.789922347450656,27.322290699815017,65.86149055595976,6.8409089427686745,75.16372203613187,blackgram
23.531263061372847,20.516760016249155,26.030198842248243,22.557508315279325,84.34594716096922,6.6512367312660645,94.85616713738304,pomegranate
16.278044719364857,54.642851272306,69.18759164894058,23.727032776511983,8.486106940533451,6.623459680106379,92.199392862114,chickpea
8.65892158401687,63.804161573489985,19.0913961228905,20.978885327144674,78.18859778379094,7.7958011518574954,51.73936840876213,lentil
24.03366014827566,47.701689190554525,15.48157319118059,28.88850875388622,89.95718046658757,6.369213662581224,47.94205953268068,mungbean
31.451816911419336,57.08586801613147,22.321066616710045,33.38269533798576,41.00883776311886,6.7961368594471585,55.49505453401092,mothbeans
120.50262526739051,49.76311970063775,27.869893410148983,20.66637021599255,92.4910560111915,6.694965947788957,72.98070156862047,cotton
35.138361905242846,19.20668701486938,31.750613031688292,24.964889161963022,90.08304563986248,5.408721429782785,133.01527129897474,coconut
33.26787896149488,127.61280863145551,170.79004685303067,27.133528629813817,80.29014051319929,5.653525434747204,59.169228407705475,grapes
22.311267285912532,13.123537181890915,31.921776146885065,19.938443937390446,88.03113258729756,5.816747775344454,91.97009834961449,pomegranate
101.65014767353583,32.81629199962008,16.278671977371033,24.218779279376555,61.2036863708086,6.990864850558935,189.65324603635503,coffee
23.80648439223816,31.65486339333864,45.61638872141035,19.324007318869402,94.42396910051184,6.147560219982353,108.27116022790536,pomegranate
26.363315986724892,56.617360157247866,22.197045489280573,24.043169079456696,67.78007447946467,6.69209121969856,62.59762167834544,lentil
24.227016758921955,27.091134500003818,27.117711065935218,29.29994872948813,54.040450769597015,6.112179272244028,72.38972006989634,mango
59.51404470667729,68.09844422090077,22.614747763104184,20.0708584743917,69.32744241823679,6.145427424219333,78.67796384205423,maize
57.06961538552846,58.24955679381631,19.644510658365164,28.162255049284695,65.28786061520701,6.591279412857579,62.477575117385626,maize
13.454643856798242,23.28796490469286,34.792711569322016,34.42922676551697,71.61574347419108,5.613730681486936,86.68542571315942,mango
3.8720495207738033,62.17449856651834,0.0,24.72276213736846,71.47827808222576,6.535335049532499,40.35131293298192,lentil
86.14383203794084,22.238248686171318,57.08152558123973,23.468904534828862,78.91261573568947,5.711826718478633,40.618637892895975,watermelon
75.85993312548557,22.674519251317424,28.755972245921523,23.451983309087563,52.533743258700945,7.027159810851262,171.5706511536481,coffee
27.500268130479334,56.77376811411685,13.577842394169437,25.14280484054571,74.36397674741404,7.566643563325969,46.49639396417047,lentil
23.056460595699996,55.989129275910216,12.48349806517793,24.71381893235189,65.9129113841959,6.850450767573534,40.651562248307975,mothbeans
64.85974041477947,36.37682040524457,23.831004308163692,16.857431720295523,65.11753364256002,6.2512765918631334,81.31393775204582,maize
37.26296004182232,67.90340581784704,61.60562145976751,17.44895732513692,20.420189565586906,6.954366089862253,37.823865814600566,chickpea
24.380299559038725,150.0,201.8565353544527,19.271311371256846,86.54576184919559,6.274804383244953,94.61825281045174,apple
22.911280094062437,63.46140141645814,9.327029562552353,29.205221887542827,77.3728912861086,7.253513984504785,41.346271775508725,lentil
30.142574794535754,18.134099658095582,49.95765831663531,21.461393041608606,96.3497173125646,5.975157156497158,104.8357003916702,pomegranate
41.27362475656486,59.36491325561731,88.77790889529122,16.45976772134794,11.622138569284923,7.289718922872638,82.01918569399794,chickpea
21.696909609049793,51.81690534479614,19.573001244571913,31.258977750619096,48.06416396996178,7.293087023945356,58.077467804616234,mothbeans
18.22723064001518,74.95634806117832,14.479075670784432,13.543382521433179,21.7058450941632,5.097409311701474,94.00572467766021,kidneybeans
24.551644850991472,20.52795580070689,19.40590525854288,27.933269997572204,52.266659034855365,5.76139247876206,52.34633940654305,mango
97.89467869380064,39.179350171031544,36.176891030192124,25.232729821347057,67.16271544427283,6.1404375102739115,157.8731321833694,coffee
122.59178827183258,16.22283523997431,50.63075673504952,27.965606735019588,96.63136019355065,6.401006126583637,18.813781007383167,muskmelon
98.27820180183733,57.769808321980435,11.989668537947647,29.73434483815209,57.752187963554285,6.722436406227214,86.69966565127721,maize
18.435021353538495,67.59287641534908,9.429087426837846,16.658782224396408,22.052673353946233,6.434401532383946,105.54956944190678,kidneybeans
119.30566596768229,35.512990124046276,36.400650702093856,23.230393913478043,67.00710576329801,7.121273128072414,164.73843170298414,coffee
15.084044709943834,13.087443259972368,6.029824066624652,21.46048213929577,95.33964675150125,6.294744259380098,116.9295886727046,orange
55.705436007190144,57.82499577771773,17.095906216960966,25.761269838988245,72.92609387654285,7.939004245617827,36.28729470314844,blackgram
97.32561967016314,89.20047410497315,37.62274191702721,28.4225893695873,82.91673533082302,6.507730127215133,122.80089006020282,banana
105.05264115602013,53.24199619795863,21.357652361142495,21.24378435958025,58.84341718504485,5.135401055399991,91.44101052302901,maize
92.9200980356833,39.07045773469558,35.902617205415225,24.520856217090305,81.77826696638076,6.622616654815367,142.07572758799654,jute
60.66139487518647,61.65800733093696,50.556654035094674,36.37445407891752,91.01195282229016,6.452857555015235,179.31360710243115,papaya
16.59297013093683,120.41269374697212,184.54200404000642,31.0799547750852,96.43452033326993,6.536073026756486,98.50786386026209,apple
98.16017129532007,18.201426000130173,23.379352690490713,27.895153253842015,56.661941245896585,6.711715292820095,186.5046892304449,coffee
102.92315190453607,17.77596941710586,45.88930527113182,27.743408794155787,89.64780668756651,6.404326607769014,24.464691252734166,muskmelon
33.4809091198018,58.130715001382825,22.307786344844036,28.5868656776583,49.579830914266026,6.517777231475164,47.34920315369366,blackgram
10.101344681749156,75.40284333652916,13.696271624241973,20.360898582454055,60.777526829120845,7.034682876702522,42.67176085682777,lentil
19.466085826132275,19.22094943495272,12.97093777046141,23.462817170946654,89.66358851457262,6.628916097061576,104.228106766279,orange
12.172472959668525,93.14447453266162,23.002059825333887,28.52331701135069,53.25095973972598,6.838568237665822,177.73775940854122,pigeonpeas
48.070971156549625,72.34223499026136,28.174814041200364,26.478128878507565,73.6050832102309,7.838575940364576,63.34352637364657,blackgram
25.620762188507396,125.37086112534178,195.28508978498243,23.360161212960687,82.19643410785275,5.862538689430783,66.98943429154477,grapes
23.849841647074765,54.197573566888366,11.991049346406893,23.385037819202623,59.193087660054196,6.474185190097601,23.533891109553114,lentil
112.89544682089762,57.3862358284633,10.807035459290633,23.154115190865767,78.69043951039747,7.098235302253167,87.36748852814112,cotton
86.94835358700234,28.905349266347212,27.70858977105808,24.026756873718856,54.365945949481926,6.491315999600599,189.708555120203,coffee
113.70584356970761,43.232308988903725,19.622038904127688,26.762389432779823,82.01993861636703,7.330838225346569,100.88057349214867,cotton
88.64551686570681,35.27334290733185,40.63155368043194,27.679281960341747,73.6253392235305,7.162210516419804,215.47968630805963,jute
12.635395661317219,26.60156886923159,26.53244433637538,31.228071274205504,92.95456080405371,5.842407220071136,152.24542337019,coconut
80.46375917049049,43.82389144574879,52.14189828928502,15.981496700691187,83.97966937215412,7.180719100901787,184.88876940433144,rice
97.35260395966735,21.335873400044765,48.18874550747812,30.151001304146796,87.20822593188302,7.0416728480584405,15.100132414210314,muskmelon
39.11386054746833,55.69541666538042,89.55852836623997,18.292497268557455,15.466513560870315,7.2418760119552505,103.931733659417,chickpea
116.12397485228217,52.079887781716096,4.9057710170195445,22.944726105934254,75.7682006628321,7.89020444931821,66.66406485757285,cotton
23.40571675667926,52.02365348419822,20.098889055242076,23.37678101049582,81.90023168053574,6.537077331072607,43.1604562449525,mungbean
57.34172710807228,30.12224632120673,35.86188207427505,24.535963957774435,83.41299818839946,6.688556785898491,196.0842758658546,jute
71.294097138404,45.33299606202806,51.145464908808876,23.06696621729399,91.44768622423275,6.322679905268538,139.77380672263502,jute
14.247316168892304,54.101305037971095,19.652394923928593,28.499346531844683,86.78570962214437,6.23816575422947,37.268603737415376,mungbean
117.6997993261778,45.962720020143024,2.700507954476379,22.834002338257857,86.77739699806776,6.729319243318875,94.26925521950417,cotton
24.06275811539364,130.02094917365102,195.67118126819028,22.403185780135868,87.65487213903135,5.887771044778256,88.58664770846377,grapes
11.60591532376971,132.0709361428452,210.0,22.504522674344017,98.8143978254169,5.892343820304793,117.14085705921347,apple
30.625252967166375,81.82383585340098,29.068549623004998,15.175387193310597,22.00672426607461,5.975806457716571,54.75957577706927,kidneybeans
25.516030571611996,111.68980303811807,194.40608340356815,23.485936062365603,90.71270151671203,5.53237484799422,78.06489943170635,grapes
20.449146721953337,55.189128418837214,16.691158058044657,25.951583109021485,40.741417793128605,5.2922485705771525,100.52689367215714,pigeonpeas
26.48260813414817,22.7033110430521,15.931675219312016,30.524462828300578,59.84446380745361,5.294698952874921,141.71991907894534,mango
14.33552671975543,125.85641443820758,189.67730715346173,21.258795910514234,94.09761407465308,5.76649518991167,124.15863280356609,apple
30.984705060849237,30.40018075196299,15.302381225486531,29.41440038154971,55.5709605737767,5.549161626516238,127.40212278917288,mango
27.76331034091965,135.72883479711322,198.3487743666071,17.975556582599356,80.13193778993264,6.148636966458121,94.18017528203701,grapes
71.85886759440588,48.905305963195175,31.20949020027117,23.72525687144568,54.70845101490168,6.61221353119249,108.0287686598698,maize
19.1420077776574,69.84146972911573,31.377010236342144,19.55600981774959,57.711179639431606,8.021784997094432,42.722832592528306,lentil
14.357955986248388,140.72541061118403,197.8083976022225,22.617622319747817,92.25365064924334,5.684686739686015,106.78613615755104,apple
103.57590321096706,45.355764769846246,34.02952821360865,22.626805401386033,63.04846260836916,6.382737236321417,164.47134198418837,maize
34.395505311969245,60.31047200488554,76.97524621515973,16.642070176205934,15.55062192262565,7.279352464250576,54.65565862938719,chickpea
12.282092455909261,58.561759860274975,25.077685136720035,26.324283374701047,49.96394605010188,5.287848294978869,133.8425228977669,pigeonpeas
13.356154807757104,145.2007341642987,207.60272422663425,26.302057663965254,83.07445623376732,6.413676038306709,87.075277949521,grapes
111.36223904218177,13.564722060075711,38.91250733597397,23.668551453308737,92.81526155459942,6.105086340183675,33.59485444225372,muskmelon
99.94547971847858,18.73857301984839,61.09830762240031,25.815819260158268,77.98651685685145,6.275071571204523,49.99225261075964,watermelon
28.076046695575663,54.16884927697309,67.7933079067803,21.598675602575586,20.66213904881419,6.512335546449582,61.92815762961332,chickpea
40.43862557132461,40.80517757466356,1.2094870617764322,15.408584106292462,91.97782610645986,7.101692971952129,108.48229981988555,orange
42.73842398308456,56.99235415153265,57.77405773518558,18.022905669778815,15.36347284872488,7.140771038180898,58.73057149149861,chickpea
18.27804434739076,82.82293792704712,18.28962510520035,12.598563924797459,30.46524442711272,6.072957003925117,98.24967852968,kidneybeans
20.788919251517658,77.61157213717851,16.072766038900365,24.146361315103892,74.44981411531994,5.988524398621857,53.07220601966009,lentil
77.04515844758654,57.54695627305547,45.60150988803435,25.905388465748704,81.45930601780103,6.511133417381183,167.45491125060758,jute
106.17932916486289,10.078418041338727,44.14589778180476,22.89056057335768,91.05812825049124,6.206907209103767,13.399116903009928,muskmelon
32.376715889052875,47.17674321807266,30.160343471415402,26.40024345195191,54.95821027038925,6.772261991871832,24.53566535722816,mothbeans
19.866411095309616,29.78961598414911,27.475839990026234,29.307884771862028,54.50825768557931,5.999031309877678,88.07420719345684,mango
105.94372050048919,24.914375963467734,51.50475922008614,24.171483134834205,92.32273642870031,7.444430491363706,37.16804261590229,muskmelon
24.95526986958172,64.24599836024767,21.845547056909687,21.829996021403304,65.52135253091384,7.668360328834408,41.818167063677244,lentil
44.34009823450107,62.51854415295005,63.14250142867607,22.368034763691217,16.529027123245832,6.755627561913712,93.77568228707747,chickpea
19.588712888155815,62.756233330620155,12.480245546671831,27.86971658028501,71.11843417381272,6.622678309119831,46.47798121867761,lentil
30.366679295304557,54.1610371039435,8.342833954466835,31.38637962461121,67.32040073331004,7.131798425236579,21.331102722759162,blackgram
16.688250376666357,20.56173475235483,9.006018012274051,25.35013165193617,89.24148130329482,6.445454497413806,116.09258068036685,orange
77.48854072071292,46.81438679738752,34.77677173280372,25.48200059282935,84.5410871541702,7.175004749661395,210.3065468161789,jute
19.780533166530212,68.04435522813816,14.109815067693315,18.08498023524882,13.000253329578275,6.363962486910011,82.95963618673915,kidneybeans
22.192473580017737,5.428846689195355,12.85985009623529,22.932139605228734,91.39007441447804,7.079806858260834,102.70119072534045,orange
90.97481977201639,13.718123987682826,59.92458276006491,31.27618125034028,89.21562451532657,6.192769050702643,20.059280341691377,muskmelon
18.488719818870774,18.88713490447261,7.953911464378752,20.224292488349576,91.27434340508267,6.714318728672682,153.61059122086402,orange
72.52593336905672,57.884442493182526,20.493637072402944,23.148911345686308,61.28962841829999,6.20189812581073,127.96987507624648,maize
82.40285889975613,55.762401574663855,31.543389672326526,24.999211117854767,81.87068576023071,6.556954105728777,196.66524776202377,rice
18.589696322764027,136.6176239623591,207.64561672029186,22.984726727079952,95.4956094753827,5.882681791117836,132.68858772454078,apple
106.29969073737026,10.220022434318636,59.9517408320033,21.696377988709212,78.94707417430074,5.990588269824604,59.708671758019115,watermelon
31.300863205089854,57.369665419143416,20.570356907979495,24.484724944350166,81.9999736264444,6.612147539233034,51.02814997609737,mungbean
21.446961811325227,34.019646577229125,33.178356524760176,28.96957509460391,48.60634362378951,6.5925053818887696,100.02427594592385,mango
59.818290860873496,64.60678211538232,64.28431146739831,38.292723230703494,92.99142823892979,6.208980392947127,189.3130732800534,papaya
79.32328594635486,42.47625875015517,19.659371031644447,23.314394824460148,56.57542777205201,6.46606468694072,157.8561162103855,maize
114.3840663647604,16.89842557904382,51.20455618411292,22.851106280376666,89.85150841048205,6.762803049731999,24.48543277629654,muskmelon
20.309142779024697,14.895114505894862,18.417778561198986,19.860199812713024,91.03197638762283,6.405065941968002,124.53462154649011,orange
18.726430123292953,37.37843008384401,55.8679493059881,34.659612472451144,45.47739371288195,6.051912729714111,108.46658332114968,mango
127.29022036382081,15.135398727047791,53.478086821725796,20.75550352712885,89.9843578511316,6.516589014540689,47.26239106574056,watermelon
76.72719879193362,51.0352291152933,45.07506857277028,25.695033678277817,82.7892765969387,6.358797706895963,152.14926609132922,jute
47.58728020654334,65.23864421189582,16.616733485717518,28.909929656574587,72.15054682846068,6.834859111145318,65.72773386908123,blackgram
106.37654701095147,98.40282810755,66.86457616582497,24.273698972829486,78.25137350343613,5.373554074516801,135.39770150220167,banana
32.15266941386305,32.78591665753824,35.15779803251367,27.31179729404601,63.594943180363224,5.478773942288595,129.75084865974188,mango
13.83015867012289,81.57376120232496,14.523551806561596,15.950724595244477,28.68678775948901,5.884584060945567,86.19938177471059,kidneybeans
44.50148150936614,69.55079972198554,54.54458622943454,35.53741597123523,93.768139848999,7.057579328722395,184.61014582435158,papaya
119.23485871410759,15.42850228980793,20.709282264698295,25.733886354639555,62.17148839811336,5.765145507641663,116.61474602086892,coffee
30.129670224756566,22.564429531946296,33.396097075450726,33.182760722331054,39.05289407413711,6.347850347613842,91.65151746358119,mango
30.848753405204988,64.07263893735468,84.64470475274892,15.538975250800718,17.792240252498676,7.6089628901441895,85.54145917981796,chickpea
23.196198048361076,61.324045338398136,14.179410545428846,35.48669994026376,58.03205869617751,6.310968600554339,170.17012171013738,pigeonpeas
94.58858487971881,17.147588629761675,43.89874958991935,28.830264444738997,89.26588079142007,6.40370418353852,33.841231622846976,watermelon
10.068780975576018,33.12528806619241,21.91326947661791,29.56959834180925,89.51688549240403,6.898854496154438,54.37903182891298,mungbean
46.2233406407143,36.73294953083105,32.17583666038554,17.038931962841566,77.18180777815599,5.942421942077037,221.9558138192468,rice
27.331272061815437,150.0,199.26127232458904,23.21841130861138,75.4988682743332,6.27863126699053,69.77801362169508,grapes
16.72291336867445,29.43701135583393,21.061537099119462,31.492696417937395,48.30129435832588,5.535765253929244,85.5885502797816,mango
20.373014742352144,61.54300465505622,25.291827157163848,25.37311380250978,81.76361037956342,6.8979725218093195,40.510547339244724,mungbean
29.966372486110725,66.95142612216966,2.010900327656554,24.171382840360682,66.6056548652928,6.4862956563439536,47.769887853195264,lentil
19.685167517518458,28.053950882700782,27.8026026860325,29.43246712357582,45.62312029481878,5.90846651873471,79.50870068354266,mango
13.750471790823951,70.22360213834469,18.142994476037142,26.285712128424585,53.969458973088834,5.82898019588353,140.26111810399894,pigeonpeas
25.670476122576964,45.01525960157164,11.324834696849834,29.606992971758096,56.78793479261281,5.665085196863217,119.7955661721407,mango
43.139651524992146,65.58264387251488,20.102029538217035,30.355766850180945,62.646780521235485,7.0030012831687865,98.73251624608795,blackgram
103.45718830391482,34.17849192045602,26.792272551117893,30.810579832926756,77.16379944595826,7.038926611251007,84.40333191424327,cotton
9.246108823866148,52.0613725470544,24.71880197052218,35.40758811007845,48.02531207516476,6.666102713162409,41.363622133426766,mothbeans
104.84876639803923,38.01223781436978,28.18522120743372,27.75392398746615,78.96216317580406,7.0044221576240355,103.94527642659287,cotton
87.68224662722781,29.243806728293848,14.708664861545472,18.37014147106631,54.27719044152989,6.2267408134109505,32.88994612528814,maize
62.68794851583034,64.83037083121786,51.81632461528351,32.87164327912419,89.95799336825047,5.847970942496592,109.67682758349832,papaya
90.30077867880769,13.890187859616118,61.52292491749911,26.594854602410123,90.65019973144734,6.632154197848629,52.75372301208937,watermelon
27.60811917996399,10.751064559655285,18.236355804947372,30.052646784495508,91.25245521610199,6.0755407158382395,152.99171567916594,coconut
37.47425962008798,66.02689770954466,14.975979898249964,29.83946079505737,85.51610654634206,7.051360563861382,60.16269870630698,blackgram
15.598225988505682,134.0296975764478,204.13232823003923,20.784061171628895,91.43123581215771,5.925818205971078,105.64873130547723,apple
12.209839275616172,13.307534278965145,6.174586518200947,19.509458236603024,90.21629316905069,6.821419886873922,121.71743313755009,orange
130.59702159131962,32.432887906892866,17.853407209209344,22.655731725573887,73.0538085282395,6.318290270057892,63.87956907516545,cotton
100.45104406170373,69.64326419185039,38.04121518858885,27.2784598433192,74.3528599965451,5.375078605230335,117.71071981868022,banana
21.48842274921751,70.57575842824816,9.299650453656847,29.58006675726024,68.54545094620778,5.939225065388956,147.84171382777106,pigeonpeas
62.09428916587421,65.5933173126744,71.79889308281965,36.34491610681964,89.82776131437554,6.888107186892634,131.06278197391137,papaya
78.74905698003799,70.52158771849614,59.42551551165284,26.137681510388944,74.09122438897688,6.611188471489206,114.2211195629028,banana
22.45408806280228,123.22782886726577,195.287056209696,28.668312715156596,85.57182658387012,5.632706615037831,63.99394192425366,grapes
9.728572601056431,15.548564566429283,17.763694249521837,25.61633684986636,91.67747418629358,6.49187049181553,150.23299119560403,coconut
31.725281346762785,45.32289172952525,16.532584121747927,29.447158711997357,38.30791838099942,6.40473277513854,64.7160919803775,mothbeans
78.21485164782696,25.11992597346026,27.767793972093287,19.53610551619151,59.85629865598655,7.002401865302159,206.49731537045776,coffee
16.901739031871514,73.06605909679456,17.556399782982673,29.040921317935005,65.6277606254161,6.7377429469948655,40.484618967112894,lentil
81.16757877023944,46.183479133882045,23.557814545561865,22.385259582551928,73.63240145165966,5.971764427887639,113.30586430448119,maize
109.24878480943505,6.612544247227801,51.33987301857967,26.249052994379255,90.42374101831301,5.958576187609641,19.03744453982672,muskmelon
17.828988056546205,64.80098329093414,14.754052300541488,20.07318769760063,28.179890624008877,5.61424784312182,112.12995578694267,kidneybeans
14.527045451121765,4.100749292374143,4.481795961385196,23.171423929936644,89.5323569406095,6.99665025687362,90.42545274506992,orange
18.401167503191004,40.922021368312826,25.231889857880923,28.513722473801714,77.88685675625125,6.568772150629761,47.00523571822136,mungbean
31.31881189224196,61.938130523658664,27.40980778980741,29.32709409709714,58.19245420950743,6.822714791696724,50.663503289733406,lentil
91.5689218733482,78.27253299692178,55.92127151153379,25.1055001995414,78.51012058595302,5.935583887681565,96.03758384688913,banana
68.17508476174946,67.43336920428779,53.37341371232944,28.175143013516085,84.42218152775625,6.331366550531882,133.5164599966202,jute
69.1216090319637,66.28469732435164,31.786133207756137,26.515467611209033,77.48536410956487,6.865786506437122,245.39803864423453,rice
54.66279043310169,37.05400544874945,30.4285205424647,26.36088065077679,73.89918631748691,6.064162808156354,56.193778968080814,maize
107.59766077819413,10.719577089591372,49.093937173388234,27.33850477710593,95.16535619479465,6.155363265278232,19.398271138793188,muskmelon
43.25234509332147,62.19274663400259,49.93807305490063,29.349394219818713,89.0310420607148,6.439033230241453,168.2129962700651,papaya
44.049823189246766,82.34386246197681,76.7552366948547,20.258394678559746,23.288894754347215,7.656101312377713,70.2343283543873,chickpea
100.75618779799693,35.45389048836232,11.604753625105747,26.67700961139274,86.06205215532219,7.555825026092248,48.21977555581324,cotton
117.96018995450983,38.94902121442445,42.50359613392578,21.540571568586298,63.179410223283746,7.287328221145558,194.97568304641547,coffee
20.89594002719461,23.683345168884998,14.157734750374244,21.672321008113716,90.5837391907594,6.90069750002312,117.26617759337313,orange
9.651961125292994,56.87025975359819,21.880959545213322,21.64644724949308,29.07991212081024,6.11181176830858,107.1822690259091,kidneybeans
114.05273827194222,41.20501302322667,29.736649136306646,25.38925483539095,63.86892295701587,6.462984807391886,162.75243988036402,coffee
87.45170198932531,4.727520934228307,67.55673930232317,30.306361776095972,80.37700129032885,6.209071674928578,44.11210754962593,watermelon
42.0967930909149,75.99351742287655,26.355302333920797,30.128286102661974,75.16857496688114,6.161684702998641,62.7716628654719,blackgram
22.587720407604884,34.26949340431358,16.17177204193787,21.542902531437147,54.92337083302473,6.549892570621869,27.679148841022204,mothbeans
122.6027432910139,44.31549295117089,5.061616072573054,23.352219631381807,78.12336687321124,6.4843819182283795,68.65211648494392,cotton
45.07728451638253,66.03006853426676,75.51909275811342,25.363430207901004,18.17215558241049,6.455006098950082,49.95248508467565,chickpea
33.95401383820459,41.576155379693276,57.00083038978147,15.2217607998816,10.434161409000314,7.138155696552037,46.2223969280479,chickpea
24.625239334916174,63.619529247184666,17.450615275385566,26.321654510010838,34.172618297013734,5.8560362952900515,160.3611576964916,pigeonpeas
23.181238486915365,133.43248710516758,201.13072361836484,25.742716096589316,85.86205073955057,5.777434341048359,91.02081414919505,grapes
15.350257183094314,0.0,9.60044127946749,27.123889580232216,93.60490491782126,6.693870708584862,116.57802338569464,orange
38.99217286736918,73.21657997046951,49.28335944763175,27.96382675596411,93.1524017775334,6.756414714229421,133.77761332791673,papaya
43.08930779564081,45.73953902114396,49.324889590149425,38.19878327470567,89.4412735912216,6.6490180072648934,112.19420951018623,papaya
67.03985107279387,63.94237649442031,71.36622144825743,16.917208713255793,12.286600427343298,7.574627742342716,62.712454142135165,chickpea
46.25675571596154,47.35458008052086,101.32619408309269,20.97639210509858,16.94901942187477,7.836087522248712,73.18595567659281,chickpea
15.767692019458885,45.76710277946015,7.232342723150262,29.785858181014117,58.33029826010515,7.054187662508974,36.94439488563378,mothbeans
21.411887442672306,16.331400080415545,10.739352957300696,27.507666992590657,92.51802193095232,6.694220598013718,71.82001822777882,orange
31.426706450111304,46.64846392967584,25.971345757063684,25.74391383261532,51.68124494736188,6.366573820038322,68.5399772414509,mothbeans
48.21639380800497,38.55273817676583,58.161544113709475,28.71082700545331,78.69081517753845,6.316814310990532,181.9530304932345,jute
4.522495976727914,0.0,5.122658808148646,22.84674136530145,82.32513131443733,6.562581573104198,71.54478061601226,orange
19.268882295292617,19.84618235964222,32.108353007275944,23.70434010100608,87.51441291310387,6.052113055070039,94.1521698106342,pomegranate
24.93835264529249,122.02560968560569,193.6942760842678,21.91248297100365,88.41161680352974,5.19834244659456,108.81579225121129,apple
88.798929546392,5.82090722349221,46.90212436201392,28.180708518805037,88.27773216770744,5.844898575319896,25.458382258703885,muskmelon
17.16481644644913,37.23331922372261,30.003799890932182,31.38431837480632,37.69733238578285,6.057905987829195,89.79176572855178,mango
59.399977628238105,69.52989305342389,60.517220901954964,32.18820086527901,90.72317076941772,7.396689531480061,140.8720087456896,papaya
21.840296608222737,20.445902726721123,31.504977948846577,26.48617764493885,92.25462105266938,6.250827639000487,172.45444456776497,coconut
16.606612166483284,41.38034662842672,0.0,27.817266480852147,74.84206766303757,7.654936378502379,45.78966102061387,lentil
14.71112011739714,28.301644806377134,10.926243930180371,15.735750491057514,88.06961103582931,6.49493510024824,128.68100588224337,orange
106.1418765738376,31.75054733192334,34.90808554808305,29.485048741712117,44.52710792812795,7.405535196531893,206.26042170145283,coffee
11.837761840873014,123.55596187950108,210.0,22.337997162349055,69.93193835745964,6.706142462597449,55.968570154060906,grapes
109.52570187809636,19.64815779842801,63.35382697700126,24.232472628551324,83.04529234758853,6.448391151754476,36.25542756696507,watermelon
78.52271773235864,40.76701687955846,39.20281789093601,18.93799669812591,74.76443763788457,5.738650193822799,190.11012689594074,rice
37.857554566290894,66.458719782826,13.390192058948518,30.31644957008509,76.61670505631452,6.574548756398334,47.693358732342794,blackgram
18.861700456872097,17.348918364142264,35.948948282694104,24.53989721837277,87.90048596743183,5.782008056475359,91.42644676208043,pomegranate
4.401590594775747,44.677378437129256,20.059079793042606,28.50624278568457,86.89438456010087,6.7976966972922295,44.82787563281195,mungbean
117.92810972543732,49.327221082319696,15.050483430411537,26.652439604446318,78.47260128381197,6.860977815378972,87.2262254917571,cotton
5.800455643370185,78.96091569244743,27.74596473897035,36.67122214446579,34.10476647781874,6.6290854037395555,152.45474314281446,pigeonpeas
44.476249831974584,54.13926417387521,9.94094020014904,19.530416146840324,28.646567394836477,5.825835862777288,114.30606050468185,kidneybeans
95.18570498925484,75.83362860075533,59.2667016477594,23.194196875813375,70.07100504644515,6.001314313779637,106.92254378784612,banana
30.689265120578966,50.00855108668988,80.44166598916345,19.519021418956676,7.7184421644277155,7.127877190860186,70.2814416574701,chickpea
38.42335321710324,42.309332561616145,74.15446161810391,30.229854377514467,88.20923431399723,6.80716764974006,104.05266333097212,papaya
7.725044899531666,74.07292224986443,20.32764251921641,19.062650505557265,67.81171889265585,6.877396421043884,52.196971393052856,lentil
40.102867273374756,73.64585195527657,18.201237009028507,34.424897283481165,63.74769137827924,7.004926544637888,64.92142181088083,blackgram
13.156269928728387,65.20072173797145,12.15107850375516,28.887594044426674,65.1508947737996,6.970707871290362,40.20123150441447,lentil
11.181115042456387,26.62748861126944,35.63515521634984,20.923082010350484,92.24737767295429,6.160576530838129,116.35808626989066,pomegranate
18.083062756522825,68.65487345038505,32.52623624962604,19.525978629054297,12.132927305951597,5.981598252578784,130.82159358272523,kidneybeans
128.66162267089692,40.39373101713364,27.18168332655103,19.050260274765446,82.74319035916804,6.642522677574778,94.61035278660421,cotton
19.17994631269853,124.97564528679587,187.19586987053037,20.258765914410574,92.389793386985,5.697235110278203,105.39852873944363,apple
26.8335857134199,54.632731532413146,14.754664882087255,32.40748954655039,64.73499152510392,6.906142324153717,90.07762542091872,blackgram
14.41946678703009,62.71074940854256,10.423585821010574,27.046986850156987,57.24758019048162,6.6204334650373315,61.06489252583971,lentil
25.990130032449567,17.523995773706105,50.62647364031804,20.414850446386705,89.90322044707459,6.174887038127316,104.85906918929031,pomegranate
40.46976196299498,56.32376369772952,11.164975966485663,32.07779639474068,52.91021850803276,7.525788184327671,65.02641513565214,blackgram
99.09043835296258,58.71596365728607,22.083567324888705,21.136012946478186,81.38852528246211,7.32719789330725,114.58353050478783,cotton
20.179842369229892,35.20609912078504,28.884501922342142,26.493624613178564,81.76476180295637,7.212492225505029,61.898672025551484,mungbean
40.109855135275254,68.78954027700892,62.03152195886556,15.069109750703682,6.811357461326411,7.213078090101308,47.63388365586913,chickpea
17.7069938878013,74.96330881401715,20.62571009835754,19.793786882267835,64.2747345941026,6.405750360268527,44.702549941396946,lentil
115.1788731774006,60.54024403025268,24.705676507804654,22.988203617927624,70.2851134923576,6.371004591139627,107.78294193118758,cotton
45.82746440658099,65.8153027923149,18.740869785748497,32.31255014650908,60.2791163827405,7.04388648490376,48.393353837510574,blackgram
20.32944016279342,76.42589222790114,20.160298326930494,14.40264862156431,23.7193850205609,5.60600411029531,147.19809928823665,kidneybeans
54.36129617097673,38.71628891880521,14.17111611792378,26.086133039047677,68.47297048792196,6.127094770955592,75.19900510323171,maize
55.21700452736959,63.587960839062546,90.86311281792746,18.078618780742644,13.992695942204971,7.88270705616759,74.32409352645377,chickpea
103.71677588270322,82.95807511155898,48.198653698824344,24.834696551754487,82.11344145654427,6.18834179776541,109.01644250923344,banana
130.85171676184248,46.26668992951891,21.928135366148656,30.062525139118684,78.60677087925147,6.907701781470615,61.93570696984075,cotton
75.87286623159974,59.94941311234396,31.341688843067566,26.904835063774442,73.58565114192098,6.232557485007113,236.51012260420023,rice
86.21836030749989,26.509509212874967,49.44007008301931,25.194927177665353,95.37305048419609,5.781947637955344,19.55831922398733,muskmelon
47.76235908057858,75.94713691414589,69.54899591647629,35.509803601339755,92.35629139050086,6.155339112198242,150.50020764325208,papaya
52.91686465658673,77.78320906719823,69.60300633608674,19.041694627997533,17.0563884830933,7.160770572586997,57.014741607797276,chickpea
88.15693726299219,29.22613093767188,38.4089841382343,29.281362750544368,90.57933403607485,6.324265494968792,12.608541851119535,muskmelon
44.2228901912536,70.68462067244297,81.1760229691926,26.013535357516496,15.109803541342616,7.329635688928019,54.02388510214036,chickpea
31.069762889543995,71.4072911020292,33.019210715717485,17.822873348084833,32.95111355325902,5.6058415188343504,80.83845414505828,kidneybeans
104.12689074988153,24.981352908784203,55.02644348753013,27.562352003605653,86.86909279381923,6.568998439612932,41.955680708898754,watermelon
82.37178627357663,52.77767389084926,48.07008281944471,19.14038401682469,70.76365722329572,6.900872698825754,277.50900373047745,rice
88.23084522786048,20.413102542360527,51.05521934002884,28.27866267352272,86.47733420678703,6.3274818088305,48.80116945767462,watermelon
87.76928362267184,37.92735470048537,27.751982962206863,21.552669851662635,58.08199853679033,6.654300679946056,85.77713969427882,maize
9.295715318410341,73.56559128093323,12.43991037888398,27.29444475656324,54.65651956798742,6.9508965795893,59.802685101969445,lentil
96.70382285254458,17.663124491356932,67.43258374869691,28.426093087003416,92.12769048936175,6.44115380289056,22.256731853470242,muskmelon
101.73539544439699,46.110722154157216,29.64526705173366,25.303099967572763,62.40191016498564,6.753483805997083,169.15065047860202,coffee
35.098038865219806,61.56271328462145,25.41085789084439,33.49948039168643,74.52419763964514,6.938057467063261,71.31659400328196,blackgram
16.137100023493986,142.94717032306644,194.718894646115,22.710802995157586,74.94003711424888,6.1933629263893035,65.57901388105168,grapes
16.80328325546588,19.181423720365725,10.510471765373422,23.49225848426962,87.99769307455972,7.145800792211481,130.53202659004543,orange
15.903440359961259,9.908113367368617,30.081074649873752,25.759058423371478,93.38259692524979,5.898053712711484,200.35603926838562,coconut
18.522978940876687,130.52969042372874,192.26805542361234,27.244421773066804,71.47797148866648,5.917713936396207,60.96650792173676,grapes
96.49969475513126,43.67771343468828,27.557941211391306,23.042680208967308,83.08615597405262,6.298958377305298,206.88423567689375,rice
6.764911473533763,17.842361153236787,39.34101962191115,22.89960130412793,87.80205128975615,5.956783781421532,96.73827224678215,pomegranate
16.84878501724558,34.640826906085664,23.038017507989576,30.220669190817063,82.252864901123,6.525189076956,54.44915724166893,mungbean
53.525642729114146,63.54504084144107,69.65278944650784,35.273903144053534,96.78104698842242,6.372559851439306,104.9763807318244,papaya
100.1057486980823,18.882497810791943,42.144075187170216,27.727196792687756,94.66536329291127,5.734948577220371,23.949848211265124,muskmelon
98.25965790388165,60.21255599836956,38.176512022437144,25.762664630249052,82.03284559551007,6.754684971497424,142.58801153823816,jute
95.89538819079398,21.297553167853053,47.88562404721902,24.13808385297967,94.51733804312778,6.11960435245355,60.96502161706779,watermelon
109.54643557800661,18.83795094662891,28.464899353820666,21.16458891862544,56.03114651075361,7.392715230176489,151.98118110065042,coffee
32.308697822561456,75.10524020326713,15.641724979865472,25.715910838907384,64.65487724744446,7.1472039012516495,32.49132396451097,blackgram
16.037302647850442,23.044299541551773,37.75228703482924,36.442764650045405,59.011494944034425,5.319527950789365,99.27818018989325,mango
25.802592505173003,53.75347331807569,23.37749329149952,26.954239102135038,46.546029988435265,7.07586413452189,56.39671124297413,mothbeans
60.74772872439733,57.96494215758621,49.04767260449944,25.274497953365106,78.14730056208269,6.114422138305987,196.68501110946255,jute
11.195774567882069,23.71941707280322,33.706553894356034,12.749554523984555,92.59502119153547,5.985495484772493,114.34271755810506,pomegranate
17.481471598740196,142.4912317193658,194.29028604812663,22.23875873449819,93.20554234119443,6.156372220737652,117.08290855380572,apple
46.334215410273494,66.04993375678873,94.9665370537094,27.43794774471617,8.453869480449223,6.9046493676491565,57.67649831650952,chickpea
21.613260341075843,54.90849658633158,22.442626298789534,26.415543873621818,82.54046402244182,6.042561920671137,136.67813035267724,pigeonpeas
16.12215390760805,70.45793759849953,28.778620057622938,20.223845300955066,25.545798011069383,5.339362586636818,127.84149266853247,kidneybeans
13.000839748957308,15.703225534435461,45.32232686264914,20.641524268680012,82.54250720897846,6.101551774040606,74.61201294883494,pomegranate
75.55143569697937,45.665458158592045,33.025761766997235,26.96875180378456,76.10848188442567,6.791175171208831,222.37395769979364,rice
39.9163237228111,58.38375607536181,26.232519594402078,26.919760006497942,76.88125075950282,6.97366633267207,68.36915415229402,blackgram
24.240473566169033,19.37242007951673,22.332898600125855,32.11058637115062,40.65086597148482,6.091606901145016,94.71438775206133,mango
99.95585855125304,18.762830662455684,47.51333107892639,23.211223848925847,93.10382334387512,6.060055554472035,56.23670711089853,watermelon
6.2739337249734675,54.074457296165875,23.338966424254632,33.65693300599055,51.15043036116171,6.181428960091196,150.61379155855704,pigeonpeas
88.07051659892376,34.65691948325601,42.352761115882636,19.72879669380282,84.23161073771531,5.996700547846314,178.69461398957912,rice
9.474691557804539,28.526948343101832,11.299983041908398,25.565199846423678,40.084149967276886,6.432926126692665,19.779282785998774,mothbeans
102.52808282521147,70.82270254482412,19.503623481728162,27.686124191922705,77.24862584487889,7.285568977018256,31.100733499200686,cotton
23.543113232892903,146.2621623177835,187.9089542637806,23.619532513041136,88.10373221164431,5.644906579840031,82.47833943459653,grapes
96.83675568231263,38.84834905187974,45.10208708173576,23.756507529510923,56.63482418063667,6.465253697086142,175.83015999715306,coffee
26.861291961328554,127.69973112206938,206.00089555262602,27.60242191790385,89.33812486351754,6.847371404477591,119.71404971937127,apple
95.12119129621591,72.5975011397121,54.67549791975423,27.904043271568455,77.68415897737522,6.793982005513513,90.29105361520212,banana
33.51858096352812,61.42182294773219,25.062713058812868,29.135400817878956,84.56020474509411,6.195550507461146,45.40593332013641,mungbean
7.007532613827276,25.65428085787452,28.46385792527534,26.223535415034927,94.666348628802,5.983710680311651,161.89871932204085,coconut
42.56658730712262,42.855141045038785,71.43416603337546,21.315622877109487,15.601615844335535,6.995175432272349,98.01763720625934,chickpea
108.08400325346483,24.17462059119426,43.22638164293807,23.309357027396,84.39476178668845,7.0774797211790625,68.3259375314646,watermelon
14.010003008152658,62.793439267587175,22.40890533680555,30.931664825847047,21.74853315903198,5.484119412868596,155.5683684766152,pigeonpeas
24.371866306904444,17.52019946145284,9.397355299611371,27.555877060534957,90.64039506193174,7.396285054806994,117.62846634084097,orange
106.99421346602286,39.12154054975707,36.76821437180095,26.270620743403374,85.56265925181229,6.804405765128043,79.96702635202509,cotton
18.177875635349256,72.72211477352505,20.81456490482639,21.349435909595115,34.84970894462246,5.209418034254614,167.20084064788566,pigeonpeas
16.959695502462434,44.00793657438756,26.716544726194016,22.305018533966805,28.45062171148286,5.943582576260589,101.15145346442789,kidneybeans
113.34438313170705,32.642971602980055,30.896236114753783,25.350471956852537,75.41943769837692,7.008542785065034,103.18695419988666,cotton
115.3615512276593,7.583427954798061,54.51052682043626,26.55056027511666,92.85170177938976,6.0911133176892305,10.2922124651816,muskmelon
45.09820707776118,65.51858771531292,44.99408143163521,22.570917110530353,1.7618371732362306,6.95358038977755,90.5069606851551,chickpea
20.59984974391869,62.25541372371019,26.496769701476797,25.037446660453917,88.39201437648316,6.956120947066295,38.327190324581224,mungbean
74.9658894782203,25.09188004876002,25.04939169772795,28.091586689441726,86.47592490985843,6.0402598833576056,169.89986175836412,rice
23.185053416066587,23.495036230298798,37.65441015931897,30.81527537184851,63.75075903555236,5.58767361783921,123.14253051433968,mango
25.180917304612684,19.09858176793518,0.0,21.526687708707072,92.37655886164286,6.764161537687536,113.2072733137961,orange
84.92993003423722,48.61921853928844,53.20661655528167,22.97164154740686,74.61571091577134,6.933611208285992,216.74047311610983,rice
26.001186105858668,73.71975499719008,14.444278064597176,13.149121799505162,18.3324023715856,6.155650927010803,86.44990241185073,kidneybeans
83.60896210906117,22.560965880201472,17.11238533266231,21.112681363578343,63.3678955799632,6.221486705055159,167.80821475887194,coffee
49.801908716718216,62.811731656434795,71.6293135208443,16.402180348503144,8.762518504762806,7.316293271146729,62.90824905497284,chickpea
12.509461363407976,130.6485191874707,201.89463908136526,23.63329169607722,76.38133967184544,5.548111986273979,36.52217337639975,grapes
21.795609786273126,144.19988845551464,206.68808507518273,25.04615917646842,85.21064148092259,6.275364421555514,90.43251742075888,grapes
18.05177566620111,78.22135894078477,25.086746706127457,22.23806498124658,49.61524652153847,6.72405608091194,143.65691379086545,pigeonpeas
19.10801468284846,142.74386786923432,183.36472025966026,22.157937463807418,88.70938481398123,5.882234031776672,100.27158612081575,apple
22.046215477155233,133.35319977554659,210.0,26.406502894320717,78.25225043017373,5.439959088712938,76.50257002983903,grapes
101.9418278777824,30.372566239791773,33.04838469919597,25.41429305993618,51.918723885471806,6.460265135139364,157.37546139560183,coffee
24.315023143571985,24.387652444515233,4.792065151432929,19.933510923448598,89.95573308235626,6.973757495035449,106.51996337828882,orange
19.617963052091675,45.293262446563055,19.104345326146824,27.68564003905657,52.373015774993895,6.7060004492416,53.78673971888589,mothbeans
61.503128969328145,63.16068537674701,43.877537930281804,28.05257617564727,89.21943690588861,6.4315056755609925,126.2854282427085,papaya
59.518717778670776,60.060595151861,51.52192881771904,38.85068489954199,90.85254980519653,6.836906169908793,147.50676747598138,papaya
18.425909120880007,10.353715314314229,26.89385324646669,25.859612521762923,92.16013062524125,6.344003133643586,155.66379118445542,coconut
49.358360317877825,62.2326512950336,42.48038201901325,27.333602105582276,84.64334549680224,6.938738730447832,166.9665661213233,jute
106.28530905786971,63.97266449945299,50.3172919853554,30.279048031494845,88.3671699063545,5.277636972328471,110.96819203261911,banana
46.191050184648525,48.39088043613261,80.38844120872437,19.441966991459413,14.650817457506365,7.374183334382967,54.39133090711098,chickpea
102.22043256838367,18.241185025811447,53.86799554424527,29.498447581866998,90.96829822766226,6.473587706653532,25.888065027361396,muskmelon
73.74826825160109,40.60012295470291,0.0,18.010730121223325,70.96672521122534,5.867686999968434,94.01479194142104,maize
20.095436265572534,48.1305392567544,9.063088927726135,26.381417590688816,83.38358700741819,6.865391817622289,53.53620134382847,mungbean
65.33449319680466,44.39748153598713,11.424299581678246,24.82009488139008,73.56100765541227,6.1613219100895735,80.07785753240226,maize
21.094192938533592,60.51710226355766,11.598623042554317,28.071096789970046,35.8728120095741,6.11374052106042,241.92697181629148,pigeonpeas
22.568368073318688,71.42317146500494,25.30020903825024,20.910743077567762,45.6894032010051,5.090886365240804,235.62112506186133,pigeonpeas
8.64713947981967,125.48075584006176,205.45273165487214,24.82671869688764,85.95041356222858,5.869539912779754,54.1289864374984,grapes
1.056630249110409,131.1443279802475,210.0,21.487086132901194,89.5125690915015,5.737262711144961,51.43954873863572,apple
15.318492408583907,70.88640151737403,19.296748101046283,15.091804266784138,16.215816435601766,6.378823478412441,96.08946302141753,kidneybeans
108.28389876536582,12.807732588494638,14.455034377628944,22.509826361505745,59.841163552435,6.786611944312524,172.86946379609202,coffee
17.066569650795824,48.332420670097626,27.199997315437866,24.092300164279372,60.9934693055354,5.758985476105028,127.88645088210268,pigeonpeas
16.938302139016365,28.16688344659767,21.785438905811937,29.68968517966425,47.439380396494016,5.301282436036047,102.74708095988836,mango
40.21176451803956,56.259250346253395,42.304650201593,32.40278523606761,91.64371332539777,7.437721669281919,138.51528713828148,papaya
133.82572072146874,25.642725056714614,16.634195568100534,26.40321447620196,75.7742017636009,6.803940443528867,91.87286832486404,cotton
10.671028260859151,9.806197831215663,36.39672412574013,17.314229352264462,89.80571404480291,6.333803922147654,89.2696977200184,pomegranate
26.683015951217847,76.86142502118831,21.6869168167047,17.471360823114072,23.001549541548368,4.655392651959731,107.55645546213653,kidneybeans
93.7313665861576,34.134321404094095,22.69120750951898,19.33670609081425,56.624703810562586,6.938696817085018,71.43605449720438,maize
8.625903447623076,50.65777792542397,13.955674250075774,22.77493836683733,55.55251775976101,6.075654837993959,188.47143978248587,pigeonpeas
12.954256634308468,51.502124978585265,26.7693877042229,26.657609085380553,49.591315438151476,6.812631415549195,58.14014519840493,mothbeans
21.288073865222223,10.099558838233518,15.704505592043066,22.04085825494498,89.23850795656362,6.716708864503328,148.5708530793366,orange
28.137418780961642,57.334795530211295,22.798174541720474,26.714735731496262,37.47216936888337,5.59544842808834,198.4005283664257,pigeonpeas
18.9819735281177,63.28550168512207,9.674027704675053,25.945639399367025,61.36379457876824,6.018669051896924,102.88785352542543,pigeonpeas
43.32532313097641,51.90546270902672,88.12981810509673,16.768417218713097,14.392306776068082,6.822418590111199,96.02316697304062,chickpea
14.653002533603729,57.04918518693884,29.299704037455967,30.113943496661943,45.31202926460544,7.503879402627099,68.43987396973121,mothbeans
117.30312424792896,24.215812765910925,22.00980441048838,24.29652436517895,74.49736169253268,6.858136987165361,74.84301395859666,cotton
38.221419218665325,67.94969194160468,54.642105948193795,31.840890120781854,92.05492001879414,6.523011787919999,143.450054765774,papaya
7.617337338080709,62.34639891685745,16.299828928457398,12.078951970774195,26.30163602389847,5.6918413776786565,118.49078012466406,kidneybeans
91.24150849591611,42.15115933617425,41.97790081941852,27.267652490132377,88.63843066133846,6.3654310326369306,284.1434355827759,rice
26.884940178695707,65.77856724267303,17.0350955716811,31.104758672427455,47.80242140164148,5.490864980540771,89.9312962880407,pigeonpeas
27.397593574158336,69.46141004247674,27.420366218508345,30.001694217614308,43.6053648665311,5.228050544154334,164.71267440449182,pigeonpeas
66.10169722694461,41.744549884804684,24.079185987812284,22.579103462996514,58.83804683997223,6.933590625354522,82.14475270555408,maize
20.80135710394779,62.15900994639217,35.40010241388681,34.92904120058236,48.46513170214742,5.931988855684428,136.92949617776696,pigeonpeas
50.2451267542669,52.16820138284832,66.35692902307478,12.531930872350056,15.667932329624115,6.967362426287358,38.97961175303891,chickpea
22.81935503208032,41.99303372230663,24.71968676290323,30.16978917947131,81.15727105104294,6.502790297847032,21.29564175482421,mungbean
106.58273224953145,93.51145548093828,39.287148232768686,28.050314580060544,76.3850932669947,6.158181305318623,118.77029196229682,banana
79.6470456276114,22.71007105153421,44.98038222579057,24.479599907746856,73.86812570666848,7.634330865377281,234.87825909240206,coffee
19.478707054874473,64.70280420787749,33.71451743987453,30.96196928208085,86.6874656940942,6.297957444461849,56.62345950469263,mungbean
10.192652184224585,14.81196164031133,31.85822425003498,24.101475230437245,95.21778514130602,5.549913468695917,148.27001641157852,coconut
15.398257278937738,24.043356585356563,33.70528696901823,32.91735331910005,48.15174729300321,6.179574997726704,93.42051637965045,mango
31.599874829233546,16.18533085047862,25.95077399401121,25.92648380028573,91.99589672497225,5.203634046497303,191.93499700898008,coconut
62.65478509602001,42.0622107984787,29.27866978573141,26.143189447891977,91.98648265373997,5.811692640285349,196.50146383659228,rice
41.109875522853784,45.53412505957144,32.00034533685549,31.910954986895597,91.7893521041797,7.172211166051563,160.73504030155163,papaya
27.350552534280368,130.28071564208247,202.8375900435247,20.183018348720267,95.8423199484295,5.763696097341614,139.95715957155073,apple
86.21614149913995,35.10461879968136,18.679537192686908,24.80313438703151,77.93529452344836,6.192321369910157,205.51612803760767,rice
18.43932959177875,117.43266146637171,190.7573431792846,20.16738594792561,81.34128237144014,6.082935587845127,60.45174403582213,grapes
26.885996238084953,18.902785972985804,31.13458540095685,27.71661087839185,96.84635374387246,6.142174807652156,154.03775109695357,coconut
30.435141120810563,126.09695684112702,198.40799064372965,22.790892856907867,78.58116178923859,6.097849056445712,48.56867598501344,grapes
15.304055981165913,68.49975974706595,10.402450386465864,24.742670954066384,65.3535026796767,6.683938578371011,45.33966440331645,lentil
48.456753684533226,45.5868587940266,15.950757538380564,32.02905721555646,53.38837340501382,7.191673133913669,69.18754105590806,blackgram
17.61913504089874,11.474621142399531,17.07174867755179,27.048444911705925,96.43796110863586,5.837960099240451,174.77605259007288,coconut
27.153726655804796,19.191701200853068,8.084431930624707,16.225670938207315,96.87947698124636,6.480359124287551,137.6554182283554,orange
41.451667803970125,63.068393230613715,18.495959873305786,24.1080271332518,76.28610283449764,6.790259239644726,86.4692954627636,blackgram
103.76110929866991,74.60815462178182,58.80306952092564,30.463313188650787,77.0809828887194,5.265907169421987,114.98639136707577,banana
103.42715244799359,26.44288966240772,21.191899721967175,26.06087149417308,65.03811782501884,6.532602607242745,118.90667972970272,coffee
87.14859713650078,16.444024361708056,71.33330730432195,25.982265747881506,93.48582199875649,6.504054163040541,19.283840797875648,muskmelon
8.791586047542328,21.78318102565514,26.94450627932946,31.221477650219153,54.4715782977986,5.706161396115588,89.95647472037307,mango
136.21922928445355,33.06061717833755,8.05540409796112,21.161909436480478,72.3123207474592,6.313448617835412,60.54677604610599,cotton
23.837524244780244,68.20449513846037,28.167062568019794,16.354963386404943,21.2060303339081,5.775393728158145,117.60370354099462,kidneybeans
23.901150682859303,26.955155975024105,4.464162011267261,22.731147591123435,86.28498602553854,6.310184747709137,98.22468344045654,orange
83.05082360929916,34.914639580568924,47.068496408990505,25.98799791115645,83.92518968828051,6.678266721375632,241.85672003234637,rice
109.02619078184102,24.273457157627693,18.979006097530316,26.09085639271758,52.45756132540147,6.564290601011464,156.4311692421457,coffee
46.22258748270206,56.955021804575885,11.116975967440954,32.56504976181605,67.83696928620019,7.006028228700691,79.54579372520689,blackgram
31.771300700948792,67.57318374912631,56.88718413612408,31.393923590187196,93.22733059739012,7.20318937548718,173.4675200770985,papaya
18.5689487218662,133.52513610007793,206.92464120276665,19.99723989746147,90.59554048205935,6.122286107889134,81.17244795072469,apple
136.42637378312762,50.62101657518507,17.00473674563794,28.158929835545386,87.82556673782045,7.105023477389868,64.49484680485007,cotton
11.933528909805904,57.99915970354111,17.220937331211747,13.713553697321165,18.88719508600627,5.84751861596116,90.01127646028928,kidneybeans
83.4887781920716,26.061018589544084,57.9863926104864,29.057351131277052,86.98409063490563,5.443159016577786,33.065004807822575,watermelon
109.75602170460157,25.19903386261313,49.36884308670225,24.649221874664025,92.95702905861118,6.491831288073511,48.90823044439163,watermelon
7.274802413844656,31.484740047606422,23.397475625646035,25.554140713616395,55.41632924080259,7.190465789054594,30.935707438916612,mothbeans
101.01137021528197,3.0222613014019064,46.76339005006362,23.47243050966471,87.45874096100835,7.2930388141945235,24.66491251315727,watermelon
19.88532796390471,57.73996337759486,16.30451848586376,24.01481438361067,68.81580294490544,6.497683131728777,41.47336874423379,mothbeans
14.610664767143714,11.171968676044632,15.14588128598601,27.581692002827175,99.6238714154485,5.488284433479849,200.54259029300283,coconut
36.48475264856707,62.48933910396658,90.15564874769275,19.957284502070724,23.29557424667368,7.1620138757629315,63.35662940321989,chickpea
81.89558932522482,54.88553242465315,20.322052016003703,17.85442665966521,51.117933069685385,5.48643179890688,40.80944717651548,maize
22.19570831046836,150.0,182.75257507066777,19.546149774184574,91.23214998618813,6.904469411443249,147.96004940204423,apple
98.40662513756654,25.149075950235027,28.413723295559343,27.513964984834505,42.83350622491075,6.410442631343449,176.74820190524667,coffee
4.430835320899922,25.560646820943816,23.966910331358196,21.86049261044003,86.62522660888125,5.829318622000209,109.76710186557143,pomegranate
38.610881872949,73.48406448962838,23.433291880657386,26.75395307441397,66.0935936266177,7.696176645640209,53.0354174216485,blackgram
103.92619142075796,68.50403209013605,45.335446453539,25.403052534460066,77.50104367922,5.971408602535203,84.68866676189027,banana
116.11752666080673,14.777621552653788,37.84910341106966,31.758071791120273,90.48758956088808,6.533842916692289,30.73133105707493,muskmelon
14.94459319682868,1.960796067955183,36.85258288007918,27.91796580089213,94.65237770762529,5.534179362895589,172.16396391573764,coconut
101.51172593425348,70.54062431659904,61.8687044890565,32.455661419736344,82.41970526832665,5.746021445815383,54.326833390106835,banana
84.86832015649769,72.10745527218326,18.289563535276073,19.80846894552602,65.42237118597706,6.4194955146944475,71.83211520134479,maize
23.682408249729445,24.699710233725494,46.64934195437971,34.751079473550995,60.47584272373378,6.06854278997925,86.54681858985622,mango
22.599077750596674,83.7837913199313,14.648725279972645,26.7060853536384,52.26123946819426,5.888288520399593,132.47836489039713,pigeonpeas
48.36922785624126,60.650415008638554,17.007722352449576,25.610613805111846,59.8131326910006,7.803244366485735,69.3126480509084,blackgram
31.983811592315494,47.253815979844944,81.1379223167645,15.31625334792447,6.098168956309056,7.048129411660731,33.942876071642345,chickpea
17.10481952709365,63.82911772858049,16.337946413361003,20.087303203220273,76.23164842840009,6.330956560609352,43.59744628453001,lentil
85.16543055429318,70.06863964289742,48.86530045609926,29.45658231386625,82.99829437110179,5.713943628606848,119.10067994820005,banana
84.45638541125312,76.24781729579215,58.0222239215514,29.590936734026304,85.51391123663787,5.9386904838151064,56.453835104096875,banana
18.034233810702407,58.50396290405169,9.973557901238696,28.0128180411814,56.952184022261804,6.036660628268438,228.35910832450483,pigeonpeas
33.80682907433014,77.51165170778927,24.651041171396685,23.384303484187896,64.66930175228872,6.764865067459896,53.45501933074067,lentil
5.8830715809258525,70.50345101404888,26.5416928501033,28.745117812931458,45.803383280614426,6.182470326773408,155.9828429894905,pigeonpeas
112.83744697158986,73.30824091269348,47.394878458002815,28.89569968836811,87.43583596729096,5.691653531161849,95.32823381153686,banana
90.24771954277163,33.65763355415748,31.467986596847485,17.232374233123057,61.056100325636706,6.684107468627844,195.41794105477013,coffee
11.81553697487585,16.186477184439667,15.948550013248024,22.926971674524673,90.89284104389367,6.217536093850333,64.59306115612581,orange
22.299045677148403,49.547922445238385,0.0,25.280578151579856,52.593227063125745,6.6216942617203465,53.70653847245631,mothbeans
6.939847663980588,35.42542454310536,15.2912448660075,28.734990931900587,54.160897859382374,5.759047407980487,91.18094474256988,mango
45.68311308965879,63.386472956308864,15.14847981687593,29.542879872263395,61.03339796950378,6.250450032044657,84.60046294109488,blackgram
22.95764740511304,71.68417685286009,14.642548575422374,18.15549629697854,17.881987451853202,5.5893973213935535,71.87676612244613,kidneybeans
2.6285624036129427,21.517659107317094,15.31469875428364,20.319459819904626,93.41697194127397,6.648918122423351,79.03179042076118,pomegranate
101.46298108751965,80.13633995304286,58.54032061235188,33.87185523196904,82.0966035426294,5.705921424735074,79.06983338722009,banana
7.156646638890209,14.493458051307947,7.2661208312304275,23.732731955252977,92.27390066797571,6.491189254540813,139.4201582697943,orange
149.6031469664723,46.963090816072956,16.687532494067447,24.532073710981347,75.424736221566,6.927053514307123,45.462956124450365,cotton
30.430614190850733,140.2944915624962,188.6807554935428,20.412769895609763,90.36061815641413,6.063950688520932,107.92046203975019,apple
33.97280636969778,49.07104758901251,62.63594508301981,24.167079825986946,18.364312590128865,7.3518750322455935,63.81955269607501,chickpea
29.01554514569839,74.74657690700202,14.34899598307366,24.06569462599584,41.544033975423275,6.2663197832327455,115.00053267163611,pigeonpeas
94.27298253434233,70.54225164100484,70.47406563859937,26.951096362506785,86.98664031234748,6.357453417843776,94.58196876673532,banana
22.265138076037672,21.99996763040422,30.615715066015643,32.82381860121832,65.69161459010918,5.749502248226087,94.17405369318874,mango
23.138670019314866,29.74881809887768,23.59594319523465,24.367721734053823,53.36010210937732,5.440917040409899,108.78124958030567,mango
24.13533432611264,131.35736737227379,196.65600596152746,22.110175084793454,88.80260424788783,5.106893864569213,116.78269724664075,apple
22.54398955531238,57.1574149108482,18.999644673120926,16.16970340182866,32.498320348074195,5.764107692035353,138.63080379241399,kidneybeans
14.616231858180281,60.25919526633639,7.30005741014959,23.96955310183101,30.91600107046652,6.215902349605964,247.98940276430585,pigeonpeas
8.227766294926871,65.434744426574,18.444589065448923,21.620838671608272,65.6314017014658,6.72646654363665,59.08688304848618,lentil
25.440059869250206,13.596804536311042,7.257451031912136,24.149164722550157,88.61143072270411,7.083067591180141,117.45035993740466,orange
108.98035842608668,44.022627703818856,11.099391018969849,25.721791846099283,86.75575309886206,7.236671254441093,100.49226235441736,cotton
28.833820645009453,13.676332191769948,37.58362382837629,24.176443401398384,89.6318648304214,5.956463447485093,156.03266546580244,pomegranate
23.294461034098006,8.191897718021128,11.559991809094765,28.398733183855988,96.60695774259132,6.694914777546221,95.76038483630636,orange
17.79702136194271,32.22931186891857,38.599426756690846,30.73811756536151,48.074335633498194,6.00908792780645,89.87342668615004,mango
106.31462377542789,8.378974743203372,50.96948580923728,20.570710606267465,83.83055903948018,6.041182438320508,47.06423397726687,watermelon
113.95427563979608,23.736929169322142,48.73314346841281,19.47876491043641,88.57851170329523,6.558556867625823,53.092213310616245,watermelon
126.79011250130152,45.25795809503946,15.254151106151072,25.092392690620756,83.30242612013392,6.262369970411669,87.51361845045663,cotton
94.52009222329133,28.39055077555529,44.64391084740905,29.232110209565967,92.39142294692246,6.131406891327577,54.98109963625153,watermelon
1.2820150743408227,54.43653536496542,25.019951173374757,20.60600587194687,34.31877153746695,6.795449285616458,127.72263825531111,pigeonpeas
115.13047006100203,24.04128307254033,49.67986944836601,22.49845392248198,80.71216285305947,6.227512950563128,51.08490238409916,watermelon
104.10353382473255,30.673780697119568,41.95191211485342,21.655628284893627,54.6103332131946,7.418021615204161,110.81625282589289,coffee
106.33962802172488,64.63622377157307,23.623784946468184,23.133337973693056,79.72340716982376,6.577347554749126,85.5318520361489,cotton
22.267531485957097,54.658888604702895,17.5606226324867,24.238681683288895,54.01895648606441,5.560605913078911,185.40811447973263,pigeonpeas
32.97245040178796,52.2591411501795,74.71390566982407,22.96751299456937,20.309737947152584,7.206451766110402,60.779474388383235,chickpea
63.29917937117227,50.79561142476477,45.24507375286086,19.51678314054208,85.49598365847444,7.426342490972946,236.87841329748238,rice
15.49839381131339,26.70543333486713,33.79629348111184,29.0576355583549,91.0532320970299,6.161931381263166,150.71391708198823,coconut
32.489266737151894,50.12747670657099,45.500169883708196,31.78325087720655,91.32192495476232,6.040666943718652,129.3513447123257,papaya
125.83065642896241,22.475514000322285,20.56951726996232,26.08382740318674,82.90439157132273,7.22097934191233,73.44866815963503,cotton
117.83728992574926,40.646610851317085,15.907523064992041,21.44883509982408,84.18893877660429,6.480545060229835,74.65842722534406,cotton
11.20860347527566,42.58685644564351,22.176008855065508,26.11504004383476,50.77306847759121,7.020679346264974,44.768409781980466,mothbeans
20.762824088629017,4.449824884809567,30.246485453993532,24.688147911554523,91.4585425312243,5.856284835961567,201.4243066295234,coconut
30.16898072341725,62.76414364253755,91.94647193795218,18.61079139043449,17.35056579366608,7.428469626516419,50.567624539740805,chickpea
130.65935456818914,69.12609186884404,50.297246618290224,26.54732913393573,80.47941479637532,6.077700861261508,127.7994397212585,banana
55.703874474545465,64.91037402778326,50.355021654733044,32.81795904987215,98.19062447142016,7.18022159956292,165.8386529516292,papaya
94.78836083895635,13.8435880489364,50.89960411548209,31.719168893065525,94.03071879469346,5.7511321455158075,28.86412348490285,muskmelon
25.414182358287814,125.20044503015379,190.51012161806673,21.24623511011896,96.4926984082614,6.065300650615282,106.49268380668455,apple
17.7865870152537,22.734408151448065,29.95052560799707,17.132539034014457,91.63340631776654,5.960131716796477,82.99979692501087,pomegranate
62.22238004331378,35.370014262915745,37.10354606558354,25.160573082014754,78.80790998071505,6.47894426792698,167.3895439950657,jute
72.59048022736168,68.72346852463613,35.60945658587537,24.390557638015146,76.67933200772055,6.716416246275569,172.46734081643265,jute
13.817570039744199,22.916153597391443,22.883641764911676,27.54146742027032,91.55882288938263,6.939611257916222,187.59059300068284,coconut
25.5088936078311,74.7666536997813,20.31450452819437,20.33042309659544,12.193552976787275,6.145235007218142,104.42799575012576,kidneybeans
26.00594281717579,68.85315951473491,18.919864839069604,34.74297622581135,62.974170379060425,7.567201354130636,45.19240874366044,blackgram
3.8444308166628858,126.98607240760845,191.45766139025466,24.43716428257695,75.90113766061774,6.672905299490672,68.6528370752861,grapes
59.37656287445027,42.61826256025335,37.33612509991045,24.696509668878768,79.22336390590492,6.63576926127257,270.50863271279314,rice
20.07203580934328,61.83642946734888,17.969931394162646,20.98334417731524,83.76586431168806,7.323647464083274,49.277129267578616,lentil
27.8063614104097,20.397446556408145,14.872683047300388,21.724362181921606,91.43887768015345,7.274285858285598,129.09385012112574,orange
3.2682682328436172,136.00783591810057,204.38978883601825,26.88942291952516,81.63322602711612,5.850931534885447,97.79397020734292,grapes
111.39752463395892,60.73354902475242,43.85846552556501,21.7108283709157,76.43794264008291,6.995571476544433,240.50996900588555,rice
27.6256390679303,32.22580739682259,38.79533152775872,27.613226932021004,36.404187625708445,5.798325697747295,152.97601227119043,mango
84.4928687191096,44.893613233818066,8.988900007376417,21.73520918167525,64.92290993651014,6.506482690237299,81.47530256388953,maize
27.608898133744198,9.13789783097266,14.8803634098607,19.116172042130003,91.79453739611961,6.575953761383264,105.72238604435839,orange
26.729184247989437,133.47524750658414,188.0827755691328,27.162025920182778,84.3821375014731,5.416880648768894,64.51882886962434,grapes
15.665949219332534,19.604113705045666,31.751300172445315,29.064741759104265,92.23438983690974,5.509810811492997,188.0977992187416,coconut
8.818688952438572,38.375273963189144,22.66514025660088,21.525251011756218,52.70271372052893,6.28986835394079,51.51960582729895,mothbeans
27.359770391573612,135.0077370923474,210.0,21.987001158070917,72.89566992769016,5.731547571315796,55.90609228585569,grapes
15.667197588528632,70.72095723598483,23.005842380898855,30.46326801271928,55.134604624444876,6.194367811440573,146.5553906969777,pigeonpeas
95.79960736571466,10.669183463396646,53.3629921400906,29.94915649421696,93.90185879962858,6.407900169223745,25.27352109509376,muskmelon
96.76859710836291,71.05294517113751,55.64891406884642,28.226191381550166,84.4701220154513,6.124826569631559,81.63000173041347,banana
55.511771328922606,77.55382460907761,12.175280022118738,27.514254139419034,79.50988856251774,7.196455876800009,63.18271283187059,blackgram
83.42409356540259,44.6520376312851,32.10747106078784,24.456815420404432,87.70790062070823,6.886910507402059,142.77874925302172,jute
24.46493609559723,46.3887648254363,11.494810318756617,27.579773676325118,80.12381844123682,6.894462124030554,57.681357966577224,mungbean
71.39344204394486,46.02031297240574,20.63190973072008,27.534721915026807,59.10983659997244,6.376017235901462,60.284321264134846,maize
9.727175253059187,21.86809356968076,36.141218872447546,18.984633300067575,91.994633638484,5.942513688810285,120.41004427711589,pomegranate
102.91204398921258,60.459701786462944,52.071379166570814,27.733117607099377,86.4188099909935,5.737907552424663,60.15862559728659,banana
105.81154746748976,31.1781848462296,43.92827468259919,20.878368182527396,84.37348544231601,6.3344566746561375,156.76376696609879,rice
12.213303583339492,77.24629357599804,4.41346285181768,31.530034675774935,57.8913230019443,7.519561486068633,125.7468964504969,blackgram
65.78007961952468,66.5206587004711,58.48697726567579,20.85225851035309,80.88392193672912,6.982265021892295,186.0426202079454,jute
111.82776151933109,29.15918643010191,17.51189821934952,22.5644356531503,49.56724162089811,6.814580710759747,147.2914721364614,coffee
14.209389236345725,62.448282756502465,18.051299289401356,23.865727076292615,61.489205280427065,7.029575856834407,24.22285901589764,lentil
68.41587437738804,49.38891058077862,39.697494115221254,27.372278069754554,75.35690591822575,7.508360800184391,206.86942354287484,jute
6.444488847565935,114.77224378625445,200.69855490112153,24.894119144600754,76.09109211173794,6.418412933020545,70.28327223944618,grapes
83.21613573629315,62.960335983414645,38.12911820249696,27.086217845765116,75.80198500561156,6.848941301250741,112.76051212074682,jute
8.343060564721101,65.95478460826801,8.907399500817611,18.45638964058375,56.31856503911537,7.503473963121589,42.75326558184068,lentil
99.93440885655484,53.56793982566527,48.41820066890062,25.66234950397228,93.63826550173043,6.2974191555669785,149.85910831733946,rice
127.31847632131327,28.25518056788705,51.879225939151524,25.325753597275668,96.87208229404207,6.252574579869508,18.73474211028316,muskmelon
9.314235925563445,74.37522921749758,17.320543701811143,30.45236981444363,39.85830018013887,5.988524673754957,162.3201033878171,pigeonpeas
12.122779320060989,46.950233153153334,7.9430657149240975,21.989892611799412,88.70321354921538,6.398750242483617,58.46998202571664,mungbean
19.60837694043766,140.53467901388146,201.15546172410106,25.083302277929455,75.35185303220423,6.22161448788581,60.707537087409364,grapes
106.81684795924258,32.737080649785064,28.06684154192401,25.018971969450114,63.58361727318522,7.05342095710813,178.0177432500847,coffee
24.210130440085468,123.608757807616,203.516041890267,24.615598853861826,82.69517519946844,5.72669363672379,85.83986972830098,grapes
20.794723643542206,8.905428619892572,53.089431565364634,21.559782433524084,87.3221711471578,6.33328181356285,94.45927535872768,pomegranate
101.96196335301339,31.112117557707936,33.35688207826696,21.104427262450315,60.42303133143593,7.162981513280802,188.50775575926636,coffee
24.19887063810149,21.011520688492546,24.203700527856032,24.88475921074886,99.1116755642141,5.243583482225727,215.9436864801193,coconut
29.40548322584813,30.36914405766071,29.506692306871496,27.063714039861125,88.65747154902434,6.170629829294718,48.05948036410884,mungbean
73.2476095410727,59.87741782890044,38.51029026042275,21.34157794457205,77.8832913533286,6.723245269653549,175.99223831140816,jute
11.514459950145403,10.834081089268661,23.95918994566901,27.336224191508887,64.60590469501675,5.79587413628794,113.66837608366333,mango
138.6969804528968,49.64424383167845,19.13490799430969,25.200371496975723,81.95263249483507,7.642841767625298,90.4044146364345,cotton
8.59124402774951,17.889964963126154,29.172596861040404,19.813668617058042,93.70119825587831,6.501676270623063,75.35659002238957,pomegranate
20.59812332715898,20.578285010228683,21.837369058847457,30.277900467692177,55.87221235337743,5.874245403076392,84.37715583284822,mango
11.457394253739945,28.50126629141843,14.010429371093235,20.367544261844223,89.40837087513566,7.453956200241042,117.23375430677719,orange
23.975452125438906,122.35548651717072,210.0,24.131507240990924,91.13600932700263,5.625818741614141,133.54306820864497,apple
21.35148796606994,27.022900607416503,34.23532514582201,30.990417151326806,43.74114025586111,5.59390390234724,72.75694187847685,mango
113.99995031296001,73.26937223689748,36.79478006630501,20.6094266308784,79.64929524131422,5.671381424202626,112.95508952150702,banana
74.64475190332485,54.791101854566705,51.32519042238293,24.86363250414831,90.36271432350401,6.621072580115676,140.1497888777507,jute
27.468648429875024,21.81662072744169,49.79929109697188,17.138648530296674,89.51302217155634,6.384406892708989,100.12500106129436,pomegranate
30.78579476511576,60.21825715722134,30.841838951770455,25.5752161225862,67.63922305275169,6.777252674975881,53.92807495602701,lentil
93.92999695500949,82.71621028510684,43.72362183360783,25.85236159341409,82.05940058766937,6.074116607133795,147.63210613117167,banana
20.08641667884812,64.43558903112893,15.386412088579982,16.651549710690887,28.397951868254676,5.756585346925937,80.35509326543067,kidneybeans
16.469484048834538,72.54643617172609,38.21230951634472,27.246441384757905,40.346444848796956,5.307517395857893,169.31842137069594,pigeonpeas
36.78351651358035,66.98770677488719,24.984018101887184,31.104696415821405,69.4218280071981,7.003731888545711,57.794029953057645,blackgram
31.96565376944023,58.56609849041607,25.46902983583777,25.266065533798983,66.85143000825875,7.068150716104136,44.212418380825675,mothbeans
28.457514161930927,68.78639323838036,3.6421738959614345,14.323824601592676,28.506179319136052,5.9607713132315245,80.94510172406878,kidneybeans
26.208507486514122,50.056648915048804,87.92531079858125,20.493768802808134,17.51128329823708,6.750817180357148,85.33734586658122,chickpea
59.68432258982517,45.52173318657533,17.809195955630102,21.65267212943763,66.95761572385983,6.369937680596352,92.90119676610716,maize
78.62633199728586,14.459800049067567,47.750910681513915,28.670994461055926,82.46885336046536,6.605943803622449,50.709088117017025,watermelon
100.49477158310653,15.414340655202674,33.57864750367047,31.45477511897094,98.46259470007081,6.912395071669049,32.68418615029177,muskmelon
10.851089132804733,16.45049966680301,22.567003222926388,21.106111843042328,89.20648022960562,6.170213219857866,136.6920037960706,pomegranate
87.01264013378068,36.40707537116762,43.68750784082499,21.123352197513004,86.39225150653637,6.375037044506874,222.60550545818958,rice
24.698061293958723,70.94952458176802,14.203409374496736,27.646649545518216,69.98847853482332,5.891201035372181,125.73845688501441,pigeonpeas
35.917148017399825,73.89866171824909,63.91345397986487,31.76494797346305,90.8148181594644,6.331480873548042,122.25446436901112,papaya
55.92912089122808,56.45302697040322,50.729004337128615,20.513333942987405,13.504890734480368,7.217052409775099,68.26590598315752,chickpea
47.06185070464394,82.57159836001827,50.17806621486645,29.077137594824787,86.545304741397,5.924916775443281,121.32458163347911,banana
31.27440890918435,64.52282981829569,2.155685774328127,27.367034623181752,63.01909573500459,7.013829378605816,56.08897523261339,blackgram
33.0806630382539,58.31348246599548,92.52492077264593,20.18013061076229,10.015189711244343,7.462247224468554,48.30778755127524,chickpea
19.554519578800047,65.053228604517,29.121675831493885,21.6222750849336,19.35395300820496,5.714418742455675,116.60730755139089,kidneybeans
44.530187563121714,55.500296181353505,67.09116849625721,17.33628278307866,22.356522694648078,7.441174777502089,67.3994787700302,chickpea
9.185632591493523,36.009896074849884,11.671014912409673,26.66707164341295,60.49575196471361,7.089199099008419,57.84492992370993,mothbeans
21.005227792323552,134.49324042433742,188.60535776851188,21.13448591947822,93.73801481126266,6.228855303958603,107.40071335193213,apple
50.249216931254,58.360464999730034,73.0284777376222,12.172790788834742,20.204953596974867,7.154732636108442,49.74632297223677,chickpea
113.07597774684324,17.813209991370467,73.26192136314278,28.95649265311262,91.7092442911122,6.629885890846397,21.30283009690232,muskmelon
4.915416764452235,61.025166650705685,20.449645224713215,17.155890024282897,19.76588102244207,5.995196548321835,73.02607032378415,kidneybeans
112.9531826159675,94.02027283970475,35.87960487120485,31.18697330754161,72.88370587823242,6.515452272670337,107.99655397071389,banana
13.466645331018226,28.238424719797273,26.23111992442641,33.60789863790655,34.51236185909866,5.830004568938393,77.41805552971914,mango
69.18365023232721,14.476092144650423,49.09710024650025,20.922170360781962,92.56609360724691,6.262216650081074,45.150189090421954,watermelon
91.34675550285547,76.10404224158543,32.95629462267378,23.857267504377813,73.96500860173501,6.073478733904028,126.5234731056917,banana
27.28560705511704,148.36326145478125,204.5898076886664,22.480568655344545,87.20163116109893,6.186265880911342,107.0505166521146,grapes
15.463877756244756,136.0776208867632,194.0378958332508,23.410713233981486,95.09086711790206,6.072875880353417,74.75367525556322,grapes
32.25489938486604,53.81053447408637,72.1235492774227,17.30308375493488,22.495957777739065,7.451518517444121,104.19887908024143,chickpea
23.372934639278636,64.05984825914844,14.694609994905882,16.01326554202622,14.948006361086058,6.19153653649488,101.96544173829469,kidneybeans
89.5874451306265,30.969667267595383,29.531417046317344,26.35728189376343,79.48749482150683,6.915066868795752,174.6591858517548,jute
16.329604917503747,24.705512843402943,27.32394731271293,18.728056063578535,80.44943116603643,5.526261327068831,140.96384819957024,pomegranate
17.57535651581477,150.0,190.21426459135046,22.155469982801097,93.38889799863838,5.65487975712944,99.28171557217385,apple
31.49180377617307,49.224167523962876,76.40416323133562,15.350188854131785,18.675211837687065,7.220679328571446,79.6205732952731,chickpea
47.18347961330837,75.07299067358113,14.428403432573884,29.658319875859796,72.41248055373647,6.6358851416160585,68.22221823367052,blackgram
19.94268860414105,22.66774501305451,62.69612569285197,20.939948909907223,94.46161065238778,6.06801088920809,71.50107370049288,pomegranate
97.11963880936912,27.642237959445925,43.150227422491966,26.753516592374275,61.08026512256281,7.318679372844478,144.17007840596045,coffee
76.91843663198554,35.49977945089419,36.60966924099438,26.520924412372185,73.36339788403825,6.617211821772929,239.5094240932911,rice
13.055272005529968,10.0895046415468,33.048800756878876,25.844513715613825,92.72230473647014,5.997788242547563,213.73549884349444,coconut
11.60562531268954,47.970003565294604,28.15605648161059,29.257601824871816,85.74111548091739,7.138061632525039,39.231450297585354,mungbean
98.27999317533306,41.66410901804965,18.81405752987193,24.161597594681886,47.802833821515,6.861227189820709,186.20582288475043,coffee
20.17500138497455,53.5753314915434,27.696697514019473,23.68676687659298,74.27040688507209,6.819545528863353,44.36560349459226,lentil
30.887575511472477,9.268905736193783,24.444436034934338,25.90860898717079,90.59911212273975,5.712238907346457,207.53624343048762,coconut
53.416112783580786,44.880709387866204,63.277848811331125,38.100627266027516,91.2921354504792,6.842441796972323,174.64505107123315,papaya
23.26182695694431,61.79459621662452,26.299861635084202,17.863325619736376,18.56443219592411,5.67524347509784,150.5159924693958,kidneybeans
35.40246063182409,123.89655973702385,207.20443979592957,15.366449545978833,85.3430497474123,5.251938153383298,60.12548978151113,grapes
65.6459896611268,45.23355316114556,15.202004407049081,29.480281236544204,64.9095852027437,6.090985435947789,114.84046429640942,maize
12.198402931153094,68.92265600143178,9.371198280836378,20.89951340561878,53.31893176118575,6.47328830497704,62.28805100799768,lentil
14.300392278327042,130.22032279463906,189.11512176373208,21.22722176755006,79.86617838835733,5.027460576835756,64.50001488236606,grapes
35.66878595279735,18.741809641791622,31.761712340934885,20.10465322352968,93.49429680994545,6.194244392071182,109.75267734083378,pomegranate
99.35566663356677,37.83136892189627,39.712130007472474,26.98034911853906,63.48351441409355,6.3835907507779455,194.32942709822964,coffee
83.86611566168169,22.157022381113606,31.93821591092169,25.253171523516027,72.86542093550568,6.993232620832874,207.72918208286757,coffee
22.163669190393133,6.021226010237857,45.90643079996874,22.888193836570153,94.98077061507492,7.247283924972079,71.14878652856783,pomegranate
69.7871488170972,33.19999221532741,26.436562412678693,20.299544191426154,65.23163216588489,6.482730209584547,130.90564599325052,maize
28.172350927851888,53.7733274178468,13.160121752732948,28.45476953445857,49.23262871484112,6.814519785752646,46.251916113716604,mothbeans
118.22025773339398,78.54048369833455,43.09895091947867,29.836141108249528,80.22778910556798,6.436482036234465,91.29502213230626,banana
15.633241231957808,22.60955751474794,26.438138140691706,18.98206154643152,90.41945306376755,6.580892299658365,103.05081748973112,pomegranate
95.94875499188227,12.915027288484985,50.82184352067756,23.025131828121687,88.62134669358872,5.8574912404217665,58.679844390802,watermelon
33.420555599003286,46.118081429489195,16.453040963782986,31.28842709906602,47.221117129060914,6.5026363281130015,50.15370026025347,mothbeans
100.74743450188735,1.854301574233558,44.18350655967768,23.310706880562403,86.4349759654381,7.251940009978118,54.862889587985244,watermelon
13.237215701125212,66.0889379022009,0.15864091857359952,29.169269684317527,63.236203339309455,7.0822321749346315,63.49344033653683,lentil
37.657142976726355,61.817935278674156,6.532661762264988,30.9496339204777,70.43521939781282,7.521616638465468,60.197804063998426,blackgram
22.29512894634084,45.86220265171074,28.306319431870552,16.36865158694183,28.05658492938356,5.76486572855852,105.11766715051324,kidneybeans
18.089210110446793,122.91258295239344,201.8570803754764,21.260656780245693,98.66597686755358,5.318222753442935,115.22958860624763,apple
108.9352165145545,5.759067663452047,40.71345218077679,29.602942384815943,90.11187640316825,6.028643737284376,31.253755436321462,muskmelon
31.636144327672294,68.76069596320771,13.289151123899858,24.259028771283905,42.402997288501865,6.080598942026999,196.83686465285285,pigeonpeas
20.797683010592728,45.7918121444967,25.682199011769413,31.91419509946456,80.12080831382495,6.406420483354427,30.765126980245753,mungbean
10.52905709888021,42.8219999730203,19.552504047516617,33.307249977310356,87.67996402462612,6.335168595924083,39.26423417563062,mungbean
19.473573431422526,48.67181109653981,16.90653086009374,27.947698309152972,52.68190214857461,6.887409663510403,14.637688115190258,mothbeans
25.047449021178423,8.30189940952883,27.58539057720651,22.570607489430493,98.51671140459132,5.829564921376148,191.75260229342896,coconut
82.16294005900193,33.375712198600695,14.30318366496849,28.482163954456528,58.12775894741859,7.321460156201493,84.95200367059135,maize
20.52786641534597,43.35588180768819,11.887446456917765,24.200211190807472,52.61212879623475,6.5672066102057,39.715895114626065,mothbeans
50.49498605863319,68.43936891553355,97.75354572622632,18.429784981297765,6.726193461623531,7.124565546797596,86.23471419993004,chickpea
18.3057469309269,128.39551819392483,169.82209545784394,25.48548706171202,92.98997049642527,5.406284084985397,121.46263305985511,apple
21.93940676694252,16.631943740867214,7.413062711583134,18.88780268359946,92.03828743596057,7.092188704210308,111.95517762648608,orange
22.832993743704687,29.33866706747481,39.61939876557991,22.66219450933761,84.22208263538843,6.498209432398014,103.80188124645674,pomegranate
109.04536982481996,2.7077763329212345,32.192478046280385,30.754828364176973,96.56036845055398,5.893919985992211,24.80367416666316,muskmelon
30.10837041325684,27.610293635762805,9.372001723465546,23.16363837067971,94.32369555049243,6.4403432849862305,87.460536552424,orange
18.575172265442934,33.864914017518146,27.912516971004315,19.783565689169997,49.429078759772516,6.4899007727230416,52.22268316807122,mothbeans
22.68179738565031,57.832404251614726,14.280904474417602,30.48582534356551,62.97390712272952,6.60393035828231,59.830990946816705,lentil
102.17480985255813,21.025375020073,49.678018685973925,29.23856955399267,94.59608887798069,6.390650743201643,0.4488986505401513,muskmelon
113.89210192336873,15.930047341550932,58.277869486931465,19.885404597587424,76.92990283528029,5.586662262150189,57.4318197016,watermelon
75.24986026325197,73.57520020510373,25.6557910099244,26.09582216299157,74.75510857413903,6.637025251202304,178.71595961156683,jute
10.072529131269023,35.20175371538183,37.80009082286623,22.790792978469288,88.66138856927358,6.258094531057807,95.891126746607,pomegranate
22.73602765936817,58.52540571520481,33.15441368186953,15.370305527450409,19.31285122946913,5.842979481078927,72.69544182282604,kidneybeans
116.55179807068767,77.50357909327862,52.123665279879454,24.583050408191532,75.5225954476065,6.049666092853352,105.62813575159687,banana
21.323484125468354,129.19414335701484,198.73652988872456,27.258710714498516,86.67157239867151,5.4135672951041425,92.51425765507838,grapes
85.19588009211157,30.475020915979794,19.305863534571138,24.705613783492133,53.42965089705532,6.854302348537593,168.54394203394114,coffee
51.574471350562355,47.94256764105026,61.27386385933994,33.43288244015407,90.2684929585306,6.602743818564923,120.84543584404629,papaya
24.19236903164547,9.325763193317139,37.07328706648144,20.61391728436589,86.18995372762598,6.012052790875623,135.13537184237123,pomegranate
18.9162816455163,142.06248721757322,205.20420749300393,22.235347944912153,87.29580865870929,5.660119676359925,88.09819679666263,grapes
51.1939716199838,56.1221204445071,69.4016044261385,21.36672365014972,11.4966936788282,7.104625459607879,67.70444101996155,chickpea
105.57845567016051,14.04226379811184,44.411580330718735,21.690319705331415,89.7379478370727,6.682477054965723,54.01429467489747,watermelon
42.41206325347317,25.74453656038967,29.29004690691775,25.17664142530626,94.21657923572266,5.767286057760009,187.78556419314668,coconut
0.0,40.868184307536886,35.091203483423435,38.38442924207245,43.74139175380573,5.0946197577404355,95.14436913450353,mango
9.698522641795059,34.63607964496812,18.998934092091233,32.642460501467454,62.935273590032104,6.447693921357254,109.75745181264183,mango
29.710671555586778,18.230150196859743,34.48345875004883,27.544199104047344,95.02852427274595,5.382576520074123,149.3002073099343,coconut
23.06276567092116,73.70321980944598,7.933012901345224,27.275891635895903,84.96044504937637,6.514966874377369,60.436490910707754,mungbean
25.31076570521819,69.94104108048832,22.011236571897825,22.102824729451935,59.95382635847021,7.389758591971511,53.62612533424399,lentil
36.827132747475595,45.33814017530458,66.87515525939995,22.08071723896186,7.3924773472568095,7.651596440384807,68.89795801915422,chickpea
21.47193886220115,150.0,210.0,21.134774647120487,90.42988475869628,4.855824241003373,133.37388305969395,apple
46.44514088682196,59.631308671292004,10.584577424161415,28.298358467246196,73.80954026703358,6.891707283440686,52.33042449087053,blackgram
88.37823438911335,42.784638842692,46.474846907094744,23.95905962461411,85.50831824044784,5.88246094297968,229.5166139684693,rice
95.79589028891394,39.584939290137164,37.81180903505119,26.416732666272036,94.70407574824068,6.701088521944397,27.89911215313879,muskmelon
66.60304067622707,45.114512916706545,37.00735296114743,20.95479628281355,92.24377825431644,7.292584201036066,275.44194734221713,rice
107.33463242688912,32.465084285269796,16.98089657835226,25.958787740333307,82.08327365895995,6.547665200866369,82.73850170044015,cotton
112.23818436712077,33.6685797493821,14.183532645979005,22.10131859521963,48.22969666951714,6.087181187349644,181.9828745848914,coffee
10.524141639204911,27.986672862236105,25.401846251336895,27.691583842516398,99.77255216330558,6.030129436920845,167.5627237950203,coconut
52.45485979640393,38.40608195744049,42.19923589284977,27.009923865676804,90.14877543806588,7.178925893714889,115.34709045677911,papaya
18.599064378627993,39.87706961847275,29.063386711348517,32.93075613829938,68.81851117849911,5.961622339248038,79.69575910823956,mango
113.08609312986916,21.64261956756014,49.404586936697804,26.116223340979545,90.54120885391579,5.811795810425152,21.86336887921339,muskmelon
29.319962191436144,140.47944033391298,194.0207792772381,26.507355754788687,94.81835391793793,5.668832004927159,108.95909838878305,apple
75.3421512257668,61.251607530414994,41.75930830400114,34.38535037910863,98.56755823341825,6.948184943858358,75.32330327428669,papaya
14.743614904524756,17.724009598415748,16.31155656314141,21.284547753644716,91.93309429974855,6.4896286251442366,147.26453663784486,orange
90.0008917014139,9.539156957897937,31.741462341668477,26.112354257067537,89.03193483466363,6.447215533462829,17.698654380610147,muskmelon
8.489798982078405,52.19497272309715,23.11967955358198,28.82691034698723,49.04338494270714,7.213626325570251,26.594487890853568,mothbeans
35.53206743237523,39.56504492067366,64.20415012247403,25.30465281439094,79.20213856975255,6.632540104750153,167.56166588022228,rice
32.10452416393722,21.63819602084023,9.463584551629793,24.21483626828969,92.14598683517323,6.918077101809062,135.92727594622045,orange
90.297501736736,24.37341388548968,19.295193722577096,26.248566036020716,72.0942110445618,6.906009429668113,106.01539745590884,coffee
17.73469336890795,68.0310188495033,20.997578221210773,25.97934329991418,32.63727685955755,5.1613960182694845,129.56395713177233,pigeonpeas
24.370217892511807,142.92412822211864,201.25056191111892,24.630119732127593,90.31000556905587,6.35415102115965,132.31618884371736,apple
108.96290341260172,13.610212261080601,37.70204676033613,25.84069834441959,92.15807326137295,6.240878976646753,39.26371206216268,watermelon
94.04510657887903,18.44575580871323,26.77410770265758,21.627689196343695,64.06326753626361,6.991691187918231,163.75573203685883,coffee
8.655331135873679,9.73375018130598,40.51386670436187,22.104260125742616,83.19043750923588,6.598914947200266,88.61142046803405,pomegranate
49.8268369313581,66.58027244149099,57.011617181594296,36.634144716979726,84.39036392304438,7.201190757953683,153.386565660741,papaya
110.93351012853222,8.346224122346156,53.70222186189164,22.62478958002084,87.23125382029927,5.949925033156692,34.70664662299225,watermelon
106.61953674508408,12.490155574565911,42.27841911091095,26.29517255840231,69.87137549058707,6.258528730535326,34.18428600711163,watermelon
19.139730045871488,70.5433000463239,21.845378419045005,21.58901845611074,21.37699771573031,5.732850372229476,127.40160582642952,kidneybeans
23.178626466102912,40.33611319888839,13.523860342955203,30.964853209307975,90.95775406325072,7.304857423248768,69.64716579903441,mungbean
84.67244929615697,51.743885747554735,38.611739014740145,22.613920483509133,77.79430374181219,6.450889377351281,167.8724049328436,jute
45.708840460042744,52.54977320083231,58.08884976037567,32.53716217194689,95.15209017019758,6.239051929598077,143.7658347891295,papaya
15.69814832441961,139.49765159367797,192.33698879780715,25.58324397599821,86.35393798425967,5.764814385301561,67.179472771722,grapes
24.62864356846208,13.838063396812998,6.530246182929383,20.371327420446868,91.39949489280738,7.23740493762406,100.2651860666834,orange
34.83243148922284,63.49973956627176,60.05696591169289,32.9395342349165,91.26105071808014,6.0713344352907646,162.09043791377334,papaya
16.17333790800484,38.642668008156484,10.494410487037303,23.046466722833408,83.82524648112715,6.112133823171878,35.99369179011129,mungbean
25.534912178696516,65.49753919446296,29.036646833819674,22.036372511195964,77.42552796394533,6.361612903281064,28.88429458463828,mungbean
73.3612595176002,47.451080012133964,36.1336826563598,27.252424772695363,84.42905069787693,7.135242517100333,179.61299351735155,jute
28.28315775854473,12.920678502032908,37.62000431673653,27.271828804615126,94.12154493268866,5.43215886601258,182.54081832406695,coconut
81.90297239118227,50.50030326261755,44.01994880183913,25.189809492346583,87.84471746174687,6.869027526472994,240.1496572089832,jute
83.79976586919004,33.703775532079675,63.433571725871026,25.0419870867686,85.25423697114363,6.467998042014197,189.3587398131192,jute
95.045803021573,17.302973036719823,51.64717269970033,26.199627054200718,88.67170144235968,6.187011389657964,30.400836414155947,watermelon
89.79204475441152,39.422286540105766,26.44542911394001,25.70960547476921,54.361665462953425,6.6869470641087005,102.46415863428763,maize
14.698803599521773,21.35034954007823,33.795435518747354,30.912136572608087,46.741488661565754,5.766886360120933,126.8911901567666,mango
94.93551478592478,13.566260381823703,39.898423262886915,21.538648778438407,85.3031844879514,6.622640203914329,30.862120274592606,watermelon
109.11929698457017,23.11238111859798,59.74689138278623,25.899667254221793,88.18541050144498,7.374010337831329,44.38174078947248,watermelon
19.65432138483188,56.68176779726669,27.218939337082563,29.89183708745,47.09954508745645,6.812274916201994,45.17986204944131,mothbeans
6.316255603413797,42.56549672696576,29.179021454398477,23.99362944892038,74.21221412849023,6.71292618847503,64.44893408969973,mungbean
93.30317446344749,51.38857446206132,39.7842258338473,26.38862605556031,89.63654967832957,7.265412466338565,199.05551432004893,jute
100.75040095400524,14.640398439418352,45.38976048337885,18.52931533957765,88.41383756153947,6.006779583956348,48.759243058094896,watermelon
28.51496129935538,128.41299833824263,210.0,22.589046892186172,85.42169287247438,6.152508799173502,97.60279940021202,apple
12.303382959427202,42.870052508032565,19.241243144571982,25.67377862796894,57.00371619988094,6.978454424607852,33.675383104179616,mothbeans
120.83650384426954,51.513485872861324,21.766978940903627,28.576193006623768,77.05045630435015,7.213352899541082,83.29136890769958,cotton
39.91824193076677,60.46448422694383,30.705388001667988,31.40125507374564,67.52465003357891,6.9712509159240215,73.9705384168627,blackgram
21.643013095728975,68.7933916628424,8.102004161060323,32.76673209775815,65.24197251884763,7.002325232359332,52.81060864632191,blackgram
25.016876801193327,68.80023299048614,12.103558763704907,13.50588067382686,17.439729169085183,6.025966912509165,117.25228537938489,kidneybeans
95.8368423417016,21.561221599597708,51.886357040797655,25.32729413335596,86.05849379734906,6.803518492599264,47.497689551219466,watermelon
51.66405539900916,50.029348481503206,44.7112956242985,28.023492070014413,91.5984942976924,6.824311982731966,122.58418537836305,papaya
25.138017200706383,39.33128030467281,27.05530312570747,35.00524250590216,41.64635079296211,5.367648900093722,110.05493142996677,mango
69.54625064539802,33.507960028117054,4.734956694197866,22.532479254365903,54.017184134047795,6.157574734168995,44.994853773913064,maize
18.49604049533423,45.65034006502154,20.0846016442326,30.38606624137923,93.23246537741916,6.934194492898433,57.63977068349121,mungbean
95.64595359239814,28.408624977701457,50.12743365204058,29.945286792442133,93.67312892889105,6.0702901038596595,26.93762337241991,muskmelon
84.12939397931063,80.60742687809503,52.03522982776512,25.984790821848783,91.7889986168736,6.09346549736213,103.76375618193902,banana
73.83609153749394,56.062887100598886,44.28756438461613,28.607267975987977,82.91617218610953,5.78776548413975,175.27363203017342,rice
130.0029347490011,68.18714464517399,31.167787343852687,23.28402215705776,82.64383817854818,7.151223137096891,79.5981873766476,cotton
101.45157352843269,18.641173671267346,33.06901009714607,29.17551324979147,92.47979473017769,6.757158930793369,28.846486409096954,muskmelon
6.336356642222109,84.09631057031633,14.524234054808778,22.658971620264435,55.223964904321655,6.46485918501323,50.84226816944707,lentil
20.984108085713807,18.62669167962501,38.364225979776826,20.111563223427318,88.29494050928886,6.4927750034514355,113.21631178398913,pomegranate
11.418583977260985,63.52580855810323,28.992417343889336,24.128302695923878,52.50722363898777,7.117595845729048,41.2424094154419,lentil
6.593265819281912,123.57135527209631,197.52691494392445,26.053141916902934,90.87644908109158,6.166460622909678,112.55457358776184,apple
83.63264234005055,30.010685617725414,65.860829917212,27.555814997366763,83.80766281330556,6.096794025358521,40.109027984692744,watermelon
52.376469922888795,80.21803904642779,50.63807092413749,31.298160601535212,97.61270838634167,6.576924493824415,104.87054631977362,papaya
80.78700197534366,42.07828814196445,38.96511731934039,23.244067865379343,82.76281256051234,7.135745986496579,127.3336623627481,rice
9.51622693081853,148.0491101784433,196.42064745802355,21.734911387365496,81.15336151615763,6.3324513740994925,76.10696276042094,grapes
124.24737680919472,49.5854847957007,44.601943844136514,24.621060384839453,74.54726596076826,6.787509907131206,111.03369423491083,cotton
43.66667735486524,127.60596079965487,210.0,24.2451021507624,88.9152068020359,6.0928575154574345,127.42761053100932,apple
0.0,133.68218177045074,210.0,29.39033857137428,77.10884293938514,6.059961318956244,46.03130734924751,grapes
102.98645292119748,29.562006988894957,57.92401132390403,25.431962077934717,86.75170517225735,5.77143321465287,51.505431125353795,watermelon
26.94220416420945,41.288512048693285,16.179181653334567,25.60199060702508,55.741177593558426,7.378984526282775,47.23830601824253,mothbeans
16.181586826319002,5.218226257006068,40.14673167169103,18.658637626474004,82.18291445298166,7.094410058344071,94.2487657378924,pomegranate
89.64990192033567,41.0539487714041,39.948781332799285,23.509671304426462,83.68787274399467,7.103740930656858,233.62339627606983,rice
12.757078298545341,66.54079992148868,27.755278325985643,21.71448090446955,17.674691398191886,6.174950786767859,80.39644266323978,kidneybeans
27.45545424999035,127.78510352755725,196.2647605122731,24.42488632143571,74.59257516403736,5.8179587152554575,87.14168061419625,grapes
92.6166026468279,33.99262068943152,57.682994886584325,32.02116199908016,91.03988673637487,6.737789881185505,35.4157933093149,muskmelon
25.633522760985336,84.40866939181869,25.769802982398335,32.84719667018922,39.538978638226695,6.018162141014101,116.98940264707136,pigeonpeas
88.7590632862785,79.36623324552025,53.50933076454698,27.97319799549722,77.38816820379353,6.753408252137618,113.44190531090342,banana
79.49260449252321,83.75149417385774,48.824267420040805,28.089354794344224,84.15673525509567,6.190979841649842,98.93613293240496,banana
50.34437730895272,61.986105634684115,60.94404284249241,31.293713575796055,92.58018645308493,6.76364462262119,141.71514736058833,papaya
108.92737009625283,91.52797023115313,50.924924113206075,25.37197941024251,77.70980568810175,6.254782145234783,84.57492833034786,banana
83.0444545377134,41.143700184768385,18.108428640283893,16.731291637658213,65.10779360681232,5.320092146152267,103.7949116458864,maize
20.082684505458836,60.91826824011046,23.158490169168726,22.141326690765755,55.14113748553301,5.308120451469903,207.49570056781704,pigeonpeas
7.55328470668052,81.64776058748271,19.27744791795896,24.41035917719353,45.26008235102997,5.161346122841334,199.80833023290668,pigeonpeas
8.89197225555703,131.3930077482286,201.76991405067986,20.88164286636044,90.5431143992773,6.1307638502461295,142.2964656312198,apple
83.47646829332791,89.67342342696105,44.27524200865423,24.63060506373989,79.07205660897975,6.560188978879111,108.62011073461693,banana
17.540352722177058,23.001666076799232,31.798055534191263,25.77664540727716,90.30291343227364,6.584340338519868,99.64785983961748,pomegranate
20.044249109034165,39.75700791782397,23.0085882535664,22.575287334987948,74.3645122819207,7.248954973657431,58.845601552817214,mungbean
20.90152960332432,63.85261214185287,13.915096375916153,28.00644724128306,78.4799187138604,7.350892456665429,47.00000847604063,mungbean
100.37677058173526,32.11114029137464,23.654243547276977,24.777396281492383,76.53716743360334,6.436483351677147,74.58853749702266,cotton
78.23686749007804,53.29519042024073,20.069396289458442,20.110583015775717,74.58907301278589,5.233191940075848,202.86942239379295,rice
22.491274779605405,51.67053526680888,30.86547317683983,31.46902389069707,59.12274028909028,6.089136326481269,39.56481320724974,mothbeans
9.563940703319124,15.262781315996639,46.666186289628364,22.442777603183732,91.83762221336833,7.501430886269335,117.28271048233412,pomegranate
15.461758608711907,132.7646175844552,188.24394991689323,23.471978786241973,92.52585562593177,5.35338713035834,131.85833320403856,apple
31.360223342296834,46.58963832707154,20.75456125104878,34.97771397872429,46.83800715640246,5.033349477675961,136.14287124562907,pigeonpeas
70.4315890893345,75.528214491005,54.70269905864485,24.94032770730204,82.04628374306431,5.777190961972784,104.34383380440005,banana
17.319431040299754,13.53484017641422,36.735586660261006,27.29450808347356,48.2588235581144,6.059218016592413,111.78793434199822,mango
132.95802900938196,50.62157819708926,0.0,22.27084637579478,84.40275866698265,6.787994250511748,104.90009907596723,cotton
28.518667051955404,60.41722331682716,18.390434623808407,30.756816925429344,50.92151789170806,6.458799967388624,76.81327058970325,blackgram
64.41593252704507,59.50965117085132,50.386046095271006,21.025246998053003,86.69791461656766,6.616409681066795,179.74967700067856,jute
80.47603973334111,74.19018048848429,28.609952764280685,29.81606145981123,81.83851614589857,5.988015580640352,61.19528361464343,banana
50.15331824381853,67.39583644145522,30.51468616969101,29.494062859459156,63.012614336231735,6.386510044762177,38.844775511388676,blackgram
112.93928547698383,87.09041968593492,33.28765614720409,22.865972342396624,85.18994645010388,5.927960279608302,79.29635815090249,banana
61.77223912231665,67.70588466849702,72.11879640276645,30.708836486422843,96.79234491819325,7.3365068822656525,139.1934060490284,papaya
96.52801255526055,40.230065355010254,35.66452425608108,25.90635197540686,63.540158726874935,6.517868202917001,214.36929354541712,coffee
93.23797265026181,21.576961212650428,53.17070452468846,29.098143392497533,88.82317493530553,6.377212351672556,22.558663616565273,muskmelon
73.57797067965345,38.187039489604366,35.72669913277039,28.747243565395493,85.56223931633089,7.108155492512791,155.33840733062962,jute
14.322111382124328,13.954063163384475,60.40493414324537,17.0395960500675,91.70368919194443,6.499357626018616,111.67204609349096,pomegranate
37.78220077996471,61.37964193672381,47.43266073579145,31.70812394944562,94.29290036459456,6.797783839707186,157.83103728170326,papaya
17.88465029820237,40.43090127234935,18.71016455055359,33.66813863805206,64.08047701638912,6.977239477497728,49.62058601652571,mothbeans
33.41314083477205,76.50487203201908,20.695860398172897,24.754459593053454,66.097897031741,6.399504485762003,44.919133650296736,lentil
14.288039222122567,40.17266088402705,29.571987825490325,30.65256321613836,88.0077500117196,7.070257848557637,24.272655295591644,mungbean
97.2267288236677,35.28615721033664,23.549255364041123,24.733734066561652,45.88927166946545,6.928287624290318,165.73767686421024,coffee
80.10691791491318,4.707409234481965,45.8194913594303,21.044745171084585,83.26139052411877,7.165977140469072,31.45681934773582,watermelon
30.77858593290847,83.00990600688738,23.58513715701365,25.49362110790606,72.92738866638518,5.68622275933524,130.0102429974092,pigeonpeas
70.20625783002932,50.48427920829799,41.87973587486105,19.655618221754857,81.66009872007797,6.5310179060371905,194.01220854048984,rice
84.50044163175119,30.704617515765566,36.79351437051969,27.972551280538674,47.182607316977055,6.192407919102809,146.57953687297908,coffee
101.66490467606886,98.79249487746105,43.75621215426604,29.562870194913312,76.32987765389082,6.4435802291825715,129.66735100161088,banana
29.719907021034917,72.2166195980949,27.669846244858995,26.127821821776823,65.19261925187129,6.547368330588369,64.73804312650137,blackgram
8.610143110370206,23.897712992240393,27.223254543078525,33.53464007869941,46.40266768625663,5.723472159977536,86.3936407505556,mango
98.7019117390396,25.183534163745303,34.006553776791336,27.160229698238595,51.81227365744567,6.476081199001071,159.10076115868708,coffee
101.0821319181555,23.524529402970348,40.33309610826605,23.797745252523818,42.85039404704771,6.710377394198065,172.00683370614266,coffee
56.37366706682411,42.95931415561151,20.877182036592068,32.78052058023567,50.98147475583706,6.9360072832450665,88.746060349682,maize
17.9301889089005,35.892264224748914,27.543646048877306,24.40147351732673,84.1082428274455,6.683950376878669,56.58645662044799,mungbean
35.65300526276866,63.69358059699904,74.08133785392907,24.80614355058733,17.066879063579314,7.716411622073655,75.22840825459937,chickpea
70.01735439066958,47.3216132306672,41.166858091407285,24.65606579018704,86.35714388974095,6.511797774387341,257.1565425228758,rice
36.94322138698493,71.41710649013854,20.783193304030704,31.159483942794125,54.24554301179496,7.041735570721026,66.95530649769569,blackgram
118.27713899482058,5.727307275732066,54.85366177545544,33.19397323276386,94.05656577941846,5.867561192384327,13.747355928676756,muskmelon
15.349452144278361,52.68869602541885,18.543368565211864,19.39113992543513,82.57648984024229,7.131595456056951,27.818330920467844,mungbean
40.347060671421225,59.76553357519846,16.2285099825192,34.134268396797474,56.96612379095836,6.723152471259691,96.99621685545878,blackgram
27.68874788896173,43.90049353120028,13.869477203074355,16.80083983113071,29.71810933645783,6.107441506198548,86.07073682367252,kidneybeans
84.93122301872629,51.50249005578364,24.748437559244532,29.14786261567058,73.59475840989043,6.0125276550754325,94.32630796085445,maize
90.28565539862643,55.30195403152731,21.472462650172524,26.850630289947365,64.18116210745703,5.919258486608558,102.44542097500012,maize
17.892181998567718,50.43014579218732,14.414228322139419,17.84529648157136,23.733335163082426,6.021918608690125,116.91536379441314,kidneybeans
7.159552167968611,79.03470384767505,17.272827364439863,27.428620291357294,35.20746027824734,6.163101009061948,127.20189984763567,pigeonpeas
12.806936465204924,132.96282219397042,208.88050935813268,21.59890631672435,82.0004451548182,6.283493420662373,55.63300926780883,grapes
28.890745300887524,27.726634877976707,35.490431734798825,21.582052348481973,82.54359187139143,6.439637203408772,89.12021144336163,pomegranate
117.86276566387136,78.34786465161164,60.07427610617323,23.66453520883403,77.73172976877217,6.419628167350899,136.40395441179342,banana
83.87720310766954,61.32536946370725,40.830109282737574,28.80340208879838,72.50289056766572,6.057236555495021,199.70188036298484,jute
10.371257893306133,17.48239934760381,43.466881560256134,21.802852527093343,89.2410251839744,6.326095851789477,100.30136267424089,pomegranate
89.61510155267159,31.233966617325393,38.924330782057126,22.17016802238357,78.20835193597055,7.346500694373103,202.33092955886735,jute
43.53440800820902,57.23918703550001,58.11998512785174,31.50045600741644,88.79323643927212,7.160233910797211,154.9824118233897,papaya
19.601966819241337,127.39898558920753,189.47807798673654,15.615842592105874,87.35221172651387,6.794162544444609,98.86999500740446,apple
13.262132697578235,149.75056047230945,209.1202633326385,23.621535133798865,95.69964621955837,5.233376848519292,127.91221325445642,apple
101.31025271566435,20.04055116063365,44.39858354812124,28.999348866775648,87.90042083784272,6.143110817871198,70.59448411758933,watermelon
110.67035474853482,30.823119368266823,39.611488407963364,30.18760635885812,54.134176574963774,7.394625301594596,153.4862619802064,coffee
52.14394379236146,72.68046528616063,49.401773187716856,29.359150897682277,93.17631049196524,6.628938108192154,141.24607406271716,papaya
80.96657013143965,45.444069075142856,40.48008138208116,29.707576152924627,79.22219409450402,6.941979048894547,192.96873998339947,jute
62.14947476701452,54.761309655085896,37.79295140968532,26.234419067290542,81.43606665564774,6.919416444541296,123.85032986482283,jute
24.19660682154465,64.46661515278903,93.69776921723862,22.60810241960844,14.866975084704503,7.665977778075251,88.5548479910241,chickpea
34.6096747752544,53.66228974580272,30.62783048633385,16.030541679543827,31.066232273973,6.036528291540994,74.59958676479445,kidneybeans
23.638283630849504,13.578734391921564,2.851481062313943,22.620072101439238,95.28375294745216,7.041725927757314,41.108319004642055,orange
18.727594404297832,136.6395699344239,209.3206680897611,22.528837170709462,75.32366263661007,6.197292069833108,64.90964473076083,grapes
4.877022018329933,53.076617688887175,27.722736897942205,35.585069425626855,83.0440124833967,6.4845152413803735,34.68694763472911,mungbean
130.10059882722123,39.13602642502615,11.294496899679999,21.862972569909296,77.23098701669488,7.061869341969688,81.38767412275567,cotton
90.98049548024318,18.263263292158996,52.25942694089052,24.184910337100924,89.3817276246591,6.0754070052079925,22.554025535080857,muskmelon
32.21961876783608,22.60667313361524,19.405175737902553,31.750746926976888,58.60940020070332,5.944418854079874,93.05968684905508,mango
75.04903881485134,92.08793539242131,49.123170775420924,28.579032154709626,83.45123238434428,5.690681407595463,86.70409189649406,banana
21.134334766357348,126.85508512138591,201.95308085045565,27.621218662801443,84.64945274799958,6.299298137131462,61.06180637462261,grapes
99.11670825411858,38.7241246356308,33.633847168977645,25.623394832413595,85.81463241168468,6.624049681968102,162.57610730460766,rice
9.429212917390636,20.238675782984643,30.711414963504335,30.646581737377232,74.5178243031582,5.2616817609979964,92.49802558336435,mango
102.15392032489284,33.133106300223226,42.91537720777981,24.392462393971545,54.85089363491299,6.591015377416347,196.74459637581248,coffee
23.86961114886811,47.942324538172166,9.36087182047535,30.18335845093057,84.73520668168486,7.16469391600588,39.50713464624076,mungbean
75.55242951609033,40.151315587229654,57.245034824886744,26.520081287039503,76.17038711306617,6.282003615733995,155.54216815538612,jute
104.06381542275712,40.423005690431744,41.07880444343033,27.92865205458158,73.98870229470538,5.774176392946931,165.94888251524586,rice
40.85826340928418,52.19760680472572,43.89321862454567,30.822417444432737,95.13173298924944,7.008046956805221,121.69091829022626,papaya
74.73303828186488,97.54861831027137,39.70808156728927,26.258330236626975,83.2766298728959,6.592915919744717,101.00826157672324,banana
20.1506910283736,143.04749330170566,206.62077136695822,25.30228550097365,90.53758365559531,6.033923349139925,136.96777151996142,apple
83.26277127627998,23.365729803086836,35.79606143446111,22.216170766124307,94.7248030699699,6.463488900224996,27.78175701895021,muskmelon
118.542159590934,76.14786497939812,64.19955579482466,29.8072139558002,80.28005813187335,5.400580189051325,150.79001230691512,banana
61.2452669161528,50.112218145475346,43.91264659933235,18.639877465895765,81.38657681252437,6.897850692949962,272.36894955585285,rice
85.24015901253563,40.242395853689686,18.91245784039579,23.786607261860443,83.73728478621084,6.732086415875585,171.57913818305317,jute
37.62244269141273,74.30425287980165,14.256767885365813,26.05514689095154,82.10539576388166,6.248145563806283,35.890215489175276,lentil
23.581720240760546,70.45878837739146,11.707016806683196,29.042831796854056,34.06164847965374,5.587187946799302,187.6503038622967,pigeonpeas
89.71099064378134,19.68111959425964,47.11258250080611,25.285599748783824,95.04251978674489,6.439603849080938,22.175208341254084,muskmelon
16.97447563684476,83.79003111589888,22.509345339336075,26.8078279239047,47.68738502821544,6.86577092808455,50.92661962069955,lentil
20.47606842978224,30.526163803635313,44.484738100732315,24.983318686542656,88.55996657076035,6.103789835499882,100.48553613960729,pomegranate
36.177560455404574,31.1012522589102,38.25610478143537,21.751240710829393,48.43998067607698,6.240866255967815,113.49020536628169,mango
22.85370111228762,72.46846810634294,19.294036397655198,31.04025478745971,44.95689830510207,5.793072199503043,115.79638191038502,pigeonpeas
19.895108552026635,44.83377194938142,17.993739726577818,30.97742984074916,91.12580727549928,6.433139794492652,39.97694571063012,mungbean
76.40966558790464,34.76502507378135,41.79275634956316,24.659990051915294,88.79593787620219,6.81755562295729,244.27484236598036,rice
12.141233979566604,70.70294946707831,17.20063769995206,23.264797285219906,65.39150714166489,6.928505886231426,47.96656922891248,lentil
30.044337526182744,140.29801519947532,199.1711046364198,26.38387743694198,76.27749691284144,5.26213711119351,74.54956366529734,grapes
16.354980005868978,14.19326311461495,10.943284621952294,24.71303130870307,97.8448381226561,6.3767599376715385,210.1541513773079,coconut
43.92010937365757,63.038374256375626,78.90151976698151,17.407534515611058,28.070763078959555,7.019219608058597,56.68244577759127,chickpea
10.319577202487727,88.3102467155807,26.55558058094318,16.997637799859074,27.245113484367476,6.075076874047113,149.15318678438976,kidneybeans
19.973933425550946,35.39183412444602,22.640081182651386,32.724003521444025,49.08903558083775,5.422781922103629,102.70615341425838,mango
22.544329394047264,141.01721372605635,210.0,20.603629713211433,83.10809473924655,5.85460999841547,66.52047434096959,grapes
15.028844051623054,41.50876878361743,14.328327831633267,24.15055659218902,40.99663678223593,6.70249781117279,41.10611194519401,mothbeans
100.06097161164115,43.454943207500996,33.04057388329297,23.3284235493585,83.21248395635611,6.488286679226856,186.62447711066534,rice
14.449899795616895,30.084470444387776,29.463936508255333,30.07523226596477,71.43020779972855,5.1843794769168685,114.17025718114965,mango
20.24942758931703,47.821513617076086,17.81790361863166,26.830583465737742,85.36434118914245,6.713762998394211,35.41886828958569,mungbean
37.84436625337418,75.71631839889072,4.516434365133502,34.900605928738,84.55280241861095,6.017464988231966,66.24494187949837,blackgram
18.097823571629696,23.92248304658637,10.870261200210223,27.750780374500984,95.2931834331409,6.649756272575323,156.6142137890053,orange
85.67965534486576,33.1852093207118,15.46964067535195,20.501586367139282,72.6011738309987,6.365144972808296,79.70665493639014,maize
16.550157076219406,7.700296145226314,7.150532790734283,19.90048401171422,84.31727954620459,6.496547286970332,142.04419522731945,orange
22.551093042533804,23.075037235966008,43.92257077071148,20.469168356335988,87.0570796806195,6.838874429662494,111.9946563322767,pomegranate
51.049404889577254,62.76958675219365,85.50270963454602,20.08902774314355,20.487441559605,8.11097217942244,89.42012671918377,chickpea
22.584666063503207,61.83875128031513,11.187025363405905,29.663332391226863,48.1251375942153,6.344178762417325,177.6526442315281,pigeonpeas
19.274553243137117,27.190277275470844,39.15632111446316,28.734453525395775,36.344239961724384,5.929182117160018,54.12683827653743,mango
25.81190501531096,17.94320190472686,34.57814731590661,23.240028911726792,89.331172652092,5.933735464037715,141.9561942289921,pomegranate
73.27640181233154,65.92279495451149,32.07222661051558,27.683212324477328,89.04792859188855,7.329274162703709,167.27304276380906,papaya
46.68555343256736,71.2309463044154,79.46005750828392,13.117463204591402,20.52984873349408,6.536044847432125,76.17598553696331,chickpea
90.68298412184521,56.87634392721121,21.62220038601894,20.998555690412402,65.8812889003659,5.936041181337844,84.96518371391628,maize
44.550486033945994,43.87499599384701,47.138868181334615,34.6351028656041,91.80193488459878,6.260252638700524,106.92451668829213,papaya
46.79588553089799,54.42121888755791,49.9706957417474,32.95623026871566,94.4145990456232,6.790887974839511,162.60707550998757,papaya
9.642684831251865,12.49062367741892,41.862158623581344,14.90420042986889,89.94710569660576,6.524571749520026,99.33925638258033,pomegranate
28.78433938722341,72.64108223683775,20.96283958857933,30.83318360022183,50.282760081580285,6.5065733255793585,79.93787792461691,blackgram
16.59745621471142,81.82327445896465,16.169359699460696,22.10233189095811,79.97787740509162,6.880928927354452,67.22110394216614,lentil
20.84391714743884,60.7353039547113,4.296308135560205,21.596720122993684,59.009936099042704,6.590762601937969,57.64070308249124,lentil
104.74249418819022,34.04926275002412,24.3156735918326,22.62979674754611,57.79480535151548,6.65575354928246,193.45022630525204,coffee
68.87500255759996,31.018903402011492,7.650998379823347,25.612979533124907,59.786399279314296,5.901955550171917,85.21264066807883,maize
51.04065648237835,68.12719819158701,55.06467154584897,37.321185160799764,92.62922730007249,6.154618216474834,142.35812790566976,papaya
116.89538659116855,19.65457237421362,67.13674239168304,28.278917628467433,95.23232108675877,6.57148786916246,19.606362948597074,muskmelon
20.215051866314333,61.38421115576438,30.822690400066186,25.464613919200715,58.54309183486942,6.9378045973470295,47.48818382326726,lentil
81.82750025584332,39.507535197096225,47.93988054623168,29.599787099901448,89.77999367008036,6.8137638739930555,93.22441228003477,papaya
15.397950038485606,25.53741737216323,18.883495952837634,23.734949727367166,94.59465197622396,5.562976380321795,143.5441536503926,coconut
57.238075021525916,45.86505541921462,22.616078950314517,19.829896678168343,62.21268273060879,6.485268518069243,100.45476786663252,maize
89.61577824559492,30.57239488820813,31.6465239730453,29.550240299967854,55.67928602718798,6.677140220480835,195.99083826317292,coffee
81.90474541302386,27.95382103118449,23.16871586953726,25.19549286585884,74.10378790352117,6.754674517562263,179.89987783167348,jute
94.38983201889589,84.32427614061517,61.92852714952709,26.89156908267336,82.65587221841928,6.018544030499882,107.49208085490844,banana
12.553787639753882,128.89948630802382,210.0,18.580668229593677,94.16246929005568,6.01882208836141,116.89621326242803,apple
67.5988770077158,52.69364755401848,27.25169305864032,25.746130167624464,73.04647709990712,6.706577593397878,215.24975984840142,jute
8.495802705965996,132.84388505050603,208.3879369836783,18.42806020881893,80.20260155242181,5.794652492473578,91.71573025807811,grapes
100.70175307669959,9.918408407968405,55.759116679131765,26.25389282754849,91.42611808460897,6.4959896592052875,43.05792590102238,watermelon
35.10383263305967,19.65160272331386,6.516847393168824,23.940173132041206,92.02790876996141,6.803949898487401,92.76797757640377,orange
25.482945862346014,72.81740228047818,22.928436838470283,32.85799209403485,63.31336229315066,7.043288341519841,71.06081951409145,blackgram
89.70610005520051,49.67660993277275,0.765346201928903,18.22989817058096,79.19166172106526,7.005830897852199,70.97830192341479,cotton
51.70066404219655,54.88996206285091,16.028906870500588,25.272624537627774,59.35847032856539,7.600842169803436,94.77483040260492,blackgram
111.39675482773922,31.53261287006663,18.660664961595895,20.849875675666404,78.35462615401741,7.004240121222065,40.32582715992122,cotton
55.49890566129126,55.6426991183326,81.21124150082186,22.401367817692037,27.53442366639073,6.969260610740675,69.66326552533148,chickpea
24.40331987689514,11.341274172798453,33.6476632502929,24.278431809294627,93.12897335182221,6.4725850603821,207.54981711852804,coconut
96.85136756600897,34.93217376673574,32.0236563861837,24.676407846104123,45.48091579638607,6.668819165076811,163.67286909814706,coffee
103.67893045197482,0.0,74.20938515658837,25.549187070916854,86.71684502867409,6.934677925373919,53.58483392773904,watermelon
27.63478663273358,69.95272946068599,21.16504251475108,19.17968933095448,16.690088223433126,6.142884141422645,72.19889364101998,kidneybeans
109.15939055770735,6.182687543591417,52.47302889096455,27.44776635775805,90.82541946904487,6.91838575161143,18.13483001548917,muskmelon
39.867391200649735,131.34979593472912,183.92799368300703,17.755902114372027,96.42202319036703,5.969338832061278,115.18114996108184,apple
35.06598659617322,61.414194733405445,52.09554350150856,19.71047835036408,26.514537311370837,7.018624680652563,75.19615713611019,chickpea
74.35317438094378,52.279817014910115,50.088508402701265,26.54847088303759,83.59403785581489,6.100779942594386,112.68718457899182,jute
37.41679642728882,63.73924463630091,13.73851112966025,29.193406778308017,70.02519422206251,7.005493421987599,59.84249478856276,blackgram
20.106457867966846,12.035061503560172,41.83994959278018,26.7573760792171,98.27595980448977,6.390735378843757,207.19182088564483,coconut
22.594970109721842,60.17334629151307,78.53833731136,17.594722906301627,27.054630562002572,7.4195931496307646,84.52196722892668,chickpea
21.90247819259916,138.05525408210772,195.18738919530784,24.060773398040826,72.81395002336016,6.1840668082781916,70.4210876715507,grapes
86.99595063667158,34.09880528761576,27.26902784193193,25.92198200980315,57.101545389042,6.742969504813597,152.3940982816981,coffee
89.1990812187631,43.77579941729677,50.14028847600709,25.693301733677764,79.79647824531578,6.6587509097410384,170.0014965502934,jute
37.36099314344676,40.419354880114135,35.65190204637709,32.069627134886346,35.1017842559002,5.8627032651522795,84.01556962880058,mango
12.838975338874501,67.05191440610011,9.123981761659108,28.6706838002923,74.23908248580545,6.887366100314748,32.15021277295686,lentil
22.35033189381189,120.45707203480991,195.00214658756397,23.692920798030734,87.3503680518523,6.132873986718169,50.247676836967074,grapes
11.15212040528624,47.58082017825228,20.539636528542893,30.53837573771682,67.7160160225805,6.994275840639608,41.90317545480559,mothbeans
39.60417285027551,64.69572835097357,32.503963531747715,20.497265652100346,57.34444520808717,7.102216337116719,48.45973577152095,blackgram
13.333899267702028,86.58659010704834,23.75859938563973,20.138992276035296,12.959070943942292,5.47091919076836,130.94709219796826,kidneybeans
24.135923777289136,60.448826659613324,18.084231479069413,23.783400153700164,38.05226880971355,5.377791755845784,128.36809576251773,pigeonpeas
8.062296869584014,85.90722738681171,17.864872011430855,23.757340638914606,62.2598332104049,6.7046353375737855,64.52869657600628,lentil
19.160122349552957,49.494841007395095,29.630257224203568,29.75541837238323,84.72825967432964,7.144156388942985,78.46179875313543,mungbean
9.30146057366434,75.59756973018143,11.993280367815267,22.540732880402313,65.0083774886603,6.948489673475743,25.526836717386892,lentil
124.8252622614408,25.938619962407575,36.833253322931036,29.453875953072234,59.66665360146208,6.789874774033984,153.8578018064477,coffee
102.78444490816844,19.691170125030986,54.24885195901482,31.28335825391664,92.16924458607755,6.073278693667856,22.845666375167724,muskmelon
27.60419412966902,15.06398758822429,35.318601295628206,24.244985874277113,91.49220317221528,4.909515360111447,171.64127010420935,coconut
28.850023034848103,7.622829069685741,17.168919772528888,23.416120249265255,89.09439523084399,7.103591453820923,96.9939420336544,orange
17.186246707826754,45.30974168773348,31.49807264348861,29.976731753442618,96.00551569377296,6.799488904127608,43.2356304050553,mungbean
26.9264577194622,25.453999945345334,33.20315520036579,33.23562093289422,43.489094353186026,5.5172606499802805,98.79452358397273,mango
7.181802181192044,47.659739973169245,30.36762150627412,28.48282640984815,84.00165100413572,6.351861192937027,69.09319760016987,mungbean
14.047446296652122,31.909439834835634,14.968991583018392,33.330479315947954,49.81461244611112,5.605175184867564,90.34933601106547,mango
102.30605097594163,6.084869010325518,47.14160290443369,28.46879329461463,95.22211126396284,6.072154736056115,35.61269897476791,muskmelon
84.64816818294585,29.7177231764425,32.14817182768613,27.001696423569822,74.00982442807926,6.489148073922148,145.5390790506525,coffee
18.672670705812862,68.79099820545821,15.474910764908824,25.388600466764714,75.79454438760537,7.159144326994603,54.24240353601827,lentil
17.05900661974922,31.6631940636468,8.914120026679491,21.677491464007396,94.5176928223647,6.90852262312423,105.70016459621321,orange
5.521097315927001,76.3183145209638,14.62577262188621,24.991163266967945,74.91765525655299,6.376430209258606,45.45835143384586,lentil
27.159421531593992,28.81903990878734,16.834718210205594,28.982818465917926,37.98897179618558,5.1220966001579225,97.35326352267948,mango
3.6330061579342114,123.06379439070868,181.91808421673448,23.895791231168772,89.92075464860254,5.804327867262428,107.66805136145089,apple
26.05934177704723,10.656934801699261,34.60701309401867,26.217729498460685,94.27535247543292,6.228053463004511,193.7006201920625,coconut
5.545232248747217,15.125035939191278,19.22377213779548,16.863869818750757,91.9278146190198,6.877544741836131,115.7547094352864,orange
58.333426486236625,33.28028407099205,11.25340913690094,24.155666668674826,71.95957902917156,5.984330280880245,22.45750389600864,maize
33.78623391952489,58.7449534810424,28.704986003723732,31.981653810433773,66.66932719171186,7.404460219922528,62.8060499553848,blackgram
32.087431555781784,27.72857827900991,42.42143944989735,26.684370360564607,92.74447258006917,5.506303523407967,147.45550283562952,coconut
9.614727906875066,20.004572727379006,22.23581425868596,29.757228927535508,42.16827976989008,6.078220968517684,79.3403220936325,mango
26.97907666965094,73.19070712921813,33.08704912025843,25.566982628563792,80.7170841590647,7.260431536095063,24.33099849078085,lentil
38.856778319952525,61.07105030009472,90.1755049215644,23.133208708824235,16.988748777479213,7.526126428868653,55.96466107466435,chickpea
28.717771795982248,61.99617571083649,25.138709581764587,24.125563427347434,76.93253213159014,7.416356581055764,48.3637516551112,lentil
14.528903016946833,150.0,210.0,22.64628921524837,78.62900490901008,5.343855183776088,69.17046088280127,grapes
18.103809015681865,55.150058109935735,13.199806658301636,24.08205288163718,52.428436775619154,6.815782833644957,44.77423473406518,mothbeans
30.997989465845237,59.266103486291925,20.225199281793625,26.672420603383504,90.62466417852322,6.302669149310126,52.70436477669028,mungbean
93.94947885639579,8.34954834883009,55.77675628866992,26.982913191900472,78.53180438680054,6.3813472943008,70.27271857580044,watermelon
18.709231010664762,77.94073170005896,10.590592421863276,22.876554331542547,53.94694940851938,7.2765527801961385,44.89170151794546,lentil
122.4473222151757,74.51267286184196,60.4785110454799,25.695679925526107,81.12664335744601,6.086673131463766,118.22983467848346,banana
13.653046104799362,13.366290244990209,25.817846415377446,24.622209092842958,90.04518432736725,5.7305490005631405,168.4029418390935,coconut
81.9505470904903,29.692847427432937,21.83585372370885,25.942332369713494,64.9950916136501,6.515990741880698,49.89327254773127,maize
45.98203896430323,32.31986083156003,0.0,22.063497850868348,60.492926981884935,5.9877686451090515,111.97197597574348,maize
10.547393067403478,15.674947280332146,30.1184561458421,30.131129640182905,95.68337390036663,5.906672471552309,176.83737870358647,coconut
11.905584236704634,145.5724137251258,194.17397233103767,20.606366913996325,85.00456343889077,5.347664882754975,135.80098357199506,apple
121.43174774955264,48.84581745551117,17.566010857150534,21.517620433309737,80.52481524475931,6.698038174819284,80.93188334212068,cotton
114.33923130454068,26.609778891549997,15.587379761305213,20.86302763410698,86.40626416714191,7.063884802337403,100.29658991186028,cotton
25.575121969420636,31.184731876140173,32.97248337355063,28.39991770347102,94.89117191445213,5.5902445857268965,144.79560785797077,coconut
79.1932617377252,62.67929913579883,41.30274521472886,26.948218533069173,79.50352200730424,5.807528116791488,191.39532951070512,rice
24.493294462421883,59.26764808261035,14.300761013182719,29.759747012000446,54.56654710305169,5.944230312408388,78.50810383151165,mothbeans
33.2241286144583,27.97733533895387,38.41167283531746,17.375160166002416,95.34947057160966,6.380378290615455,70.4699914879529,pomegranate
85.32953731064194,59.59588612432386,33.56658298375128,23.50849283897001,78.56406230613783,6.829893214328827,139.7380931509762,jute
31.571877277823894,74.98467904623,18.647318903137624,28.026209312308954,59.331908105448655,6.876025682255379,99.3616492315322,blackgram
112.43966301509214,20.601551778491466,36.2550602535897,22.172594269235304,90.85035495193291,6.178155417467209,59.70811816682646,watermelon
60.86470514993117,33.66712785996519,30.805477139983886,25.491482232161292,82.71212868035282,6.745242677033884,212.90989414653862,rice
16.877093015077016,16.908679859344637,7.99110231144779,23.319914686453536,95.70487267911236,7.56546547878183,94.75468649472239,orange
64.56896243154834,42.75630135652344,46.09686542783962,27.053973698843908,80.1200030648274,6.723597916261284,165.97512320586807,jute
28.488133012471852,130.88128391306304,199.0253915403173,21.084239627297933,87.48232356905028,6.588707702198213,126.90774617686424,apple
95.7094380664433,72.57470732772303,61.46189377664864,20.473466594951947,77.7860133923419,5.9816455623458165,91.77845340298171,banana
16.479287915302947,67.75343117845526,7.793144138138626,29.148613406114414,80.02596381427624,7.06330456370693,51.58117483410079,mungbean
23.798530582904732,41.07985050767786,25.77819317742402,26.858701717053965,50.733254610340005,7.105500979912629,25.565036524095504,mothbeans
21.563566118278704,7.545144007334004,16.470801619585764,24.833236919431116,89.29644304817089,7.389644356767825,116.53876825192552,orange
89.19700026518188,19.14159360407278,52.614526550804534,27.501370259256788,99.26314110886045,6.343719045326277,21.766126037015855,muskmelon
98.82414160723894,38.77792554705282,36.48238536419262,22.098274203087602,51.78386844023817,6.234959790497413,58.0938699920308,maize
36.721089373687875,63.378654933560824,20.08340788196424,34.154299988719465,63.08228977175359,7.121044830364552,52.423202112682844,blackgram
32.15220752844009,61.382051293532804,77.66024136656256,20.43283218927031,20.946832778348526,7.4433806945718715,65.7145011489107,chickpea
70.91996153589491,64.58347285852219,42.36402342372064,29.319554015750285,90.4529176731663,6.573827741110849,196.22865089616758,papaya
97.89988762754065,8.060735649728478,60.250078188995786,26.631062173099053,92.14781198773913,5.848286878834324,70.82036336306487,watermelon
85.04843872292267,71.02934961131443,57.367088777799744,21.566526823209365,77.75821769963689,6.5703181894309015,105.1442492566727,banana
101.81385915789477,36.17841878953862,23.64745038561366,23.441994309707212,52.85886506826529,6.660718781065775,193.48805212369194,coffee
85.99661340085154,35.94520944639939,36.2183744596061,27.897684893358196,80.21868014469287,6.768757784233544,192.65529279960492,rice
33.457263140156684,68.38961899241114,16.13556576631452,27.63872679571176,54.311505959556754,7.131056230610867,64.73797810174565,blackgram
82.48079161604585,23.92807652670312,19.65493128287274,30.99005671121905,63.05877205122138,6.233956584584668,98.7032094910549,maize
4.913621164131433,131.2935007951627,210.0,24.11554097791025,91.73923418891857,6.097461090005665,95.43479208811685,apple
54.89904594256389,46.38434866762309,67.97699837794804,34.654721888630185,98.83961472724873,6.290790387402995,183.72948111769938,papaya
28.0475023700402,15.543423529179933,30.07087626102718,20.0570477122991,92.84784068537361,6.56273114193167,113.0650274119776,pomegranate
118.79728965656797,60.79559645638264,16.600374936136127,21.928498012762315,93.73185316012335,6.726725858590628,76.18683677661608,cotton
87.73764769809475,20.93152235891577,37.24236045249533,31.915733600230205,93.26641576705472,6.070067769296964,30.43741942505852,muskmelon
48.30623547539832,63.417008265502744,13.139967557408408,27.797004563592846,55.42356515661411,7.895743823432644,66.26512735594723,blackgram
15.364479315346404,60.36555386374604,5.178177106477776,30.44703397681347,59.91593614182566,5.54932792511808,162.18710555806865,pigeonpeas
10.567278478962114,125.85552433411442,189.40596723008002,27.17116181991672,80.00735350212153,6.09586969743852,97.95450999921326,grapes
13.714583773859976,77.04507551606156,20.633720382433115,21.331964347588055,71.55821181598151,5.885529133842618,163.45168857596929,pigeonpeas
80.65421678543058,33.73012089799136,30.629048534795487,27.982539840687494,69.67672420600059,5.44262261210323,105.72802677665132,maize
82.38987510966035,56.78541729403555,49.27778377652758,29.244848818599642,87.95630984900102,5.6516690942554995,140.0395820932593,banana
39.71916924895968,53.39699883978011,86.98220527168495,20.42980890197194,17.073400699448555,6.884005458452959,72.59859708332148,chickpea
48.19406120864795,60.255854046341554,12.303730774208871,25.718458576107686,68.3842877978432,7.649963084587187,60.7446705018894,blackgram
73.72802663385333,44.10681295768919,42.06735591611736,26.197341859743954,85.47274137616728,6.163763500793967,185.9360655515312,jute
19.856846918977546,10.860564085909854,7.542256595400323,26.604949603418373,91.38729439914457,6.7561492160865555,106.49749723862556,orange
85.94742487769307,45.18379771399357,30.064052155544182,25.374055367568857,85.55337915911153,6.863948595703694,135.35773027038596,jute
19.08898642304929,0.0,38.094376855429985,18.74085978242033,93.67228653446033,6.798012311353602,116.53360468259821,pomegranate
7.955600239599152,150.0,185.97435176181776,20.960680483730965,88.04337728291965,5.707933485653739,112.26856830864102,apple
34.80370587075003,65.85999065005215,1.3265836623175602,26.624058268861514,75.39504133108306,6.333183117492521,121.61888696669939,pigeonpeas
86.92398379373441,46.803639430263985,14.751560506872261,27.905171822595797,74.63348402385306,6.447278327661427,109.34158778360225,maize
28.451084688247064,57.447805805829795,0.0,12.699114305609836,28.108134890411044,5.63949802427207,81.23188454337219,kidneybeans
39.78291540112297,58.35661820427004,20.032338628697882,29.796272136918823,61.99683946463815,7.461530275443807,91.1989830615978,blackgram
14.770422609739919,129.49025412481186,188.66350148479376,17.315990219493184,91.65575377492931,6.326503845834877,84.39435211692106,apple
6.9756622883903106,61.51830209163325,26.112915244014317,23.062659118459916,24.9106411954737,5.212694496052461,94.19081901558071,kidneybeans
120.13924181792045,14.619268558237371,41.76719779167702,24.62766911304155,90.99066229299906,6.174900867473207,18.10392428892247,muskmelon
22.193909221580633,123.51331634094984,190.42834654750848,19.44222446982262,95.8344647820881,6.652688174443504,115.91785669935172,apple
8.716035502931069,144.55998605640121,175.54533979984714,22.241241428172664,82.11465175283806,5.684095070634655,61.22366115390768,grapes
9.920479729577865,126.93728933297876,197.58964557452015,25.986621417660903,88.29488747786051,5.457581116506152,59.039824791050265,grapes
11.788812367078453,60.0986165176062,10.304722240149786,21.885160128892515,52.01748919319746,5.33841100895602,161.18439023531764,pigeonpeas
109.83032652173506,78.96750970589486,59.36429279466497,26.643598114273953,85.11704888724144,6.169321793683641,110.75949987428297,banana
10.64311998016938,51.98065429836495,33.81934629302481,16.61298088343614,20.871804698261627,5.638886823557504,76.3894280399227,kidneybeans
18.677856239820507,59.3381072514,18.583891311388506,27.24405942165682,56.89413456524525,5.850394132386975,163.96861218543887,pigeonpeas
77.24572050762872,49.73799131545038,40.20698190262426,25.405116791422955,77.06741605325931,6.502315476168071,175.4230563320769,jute
25.266715699292885,127.5226320577167,206.9130693009276,19.929754700197677,91.84090266676411,5.784982892574821,112.06315445477011,apple
119.66583239686857,43.14749567402091,21.103737142137305,29.09385263936776,77.48617914969478,7.159182059732255,62.391128339840975,cotton
97.98910194706943,21.07404291039154,47.6268192893344,26.200458891660126,86.40307438475867,6.549035426239698,81.1975930130275,watermelon
26.125564207136872,59.323159425473456,24.668200734666733,29.961048126433955,87.6036044935087,7.047388928600478,26.174906770512976,mungbean
104.26942853493328,34.001478921717,25.241838291429538,23.092662844032514,57.001617138764814,6.289992920178358,170.17251929249773,coffee
1.78202348301091,88.18265543792185,15.597718422415124,24.42328614648642,69.57159380413076,7.190451622446222,49.28660725911619,lentil
111.8564532202635,96.89704036741438,44.433316410899145,28.10708100994219,82.16091812330122,6.003239124539544,74.46808533270567,banana
25.7752222709694,129.0604485225211,200.02690826414693,24.027954443061862,95.33900061813954,6.358082331554496,113.49979263825655,apple
21.360194514036564,45.63750367376312,12.4429765344672,30.975683019101787,56.414723840171405,6.575968632928876,52.18239570552965,mothbeans
105.52112278389453,28.002556682346036,27.73778592454446,26.10919648138303,85.84244465414234,6.609943456462343,96.07672845250727,cotton
73.35398727554724,48.527201630263434,26.13458297427395,23.484711797197846,63.046113503292354,6.611876565938092,83.51793384935169,maize
71.02591687590788,36.57346417703286,56.461860091125715,26.395243044865182,84.88547859445887,6.881798473162927,172.67123010240724,jute
22.635639907992537,7.729090538609093,12.13607700229193,22.76746057017772,86.63403384777764,7.617702241363505,139.21627121526413,orange
23.379739393897815,72.26029033039141,29.354160872561373,14.490971996926742,24.774309462370216,5.682172498135356,37.09762010568085,kidneybeans
100.97643932744484,16.26643854173741,36.808885446759824,28.72926582279368,90.33216793932162,6.082324389252057,44.39129241379496,watermelon
23.145127225179394,52.61146391359836,22.562333472057798,27.43533243612421,81.41890442444368,6.81553534066375,44.00250280939631,mungbean
50.62213866392044,40.62248856518525,53.277400332852416,36.618515106104525,92.4693040050605,6.339362611121874,120.22314284938358,papaya
20.00216083270544,50.59611347903214,36.7333527151639,29.00874473905711,33.9755682979936,6.963149471715781,50.56819991734398,mothbeans
81.7742570938919,73.82688297542103,38.500253673045606,26.159690174498962,82.16237452734208,6.048284141671185,144.48689553321302,banana
38.271289175565634,69.64550682239333,79.61195457565742,20.5920818140742,16.01997851077492,7.063138843707181,41.86171668796276,chickpea
4.675478684248047,67.78332939570504,8.991653347414815,16.097007019423362,19.177857909678792,5.631796662625243,86.65510150851979,kidneybeans
90.707302047236,47.416445216767514,33.86023198607103,28.353536547063193,79.79673789215128,6.416053836985467,240.75653790714404,rice
28.17062838994357,18.042928941444476,26.52307044015788,27.46845938289234,96.03343243017515,6.33271346686565,148.8461092878705,coconut
93.93578793523471,33.51578851526213,34.35555130807119,17.1348965022286,60.03394349022543,6.102162867269767,151.46695719527094,coffee
82.94120110688583,58.63428712085699,4.953612576207538,21.72837380548615,55.06395794941259,6.259612930563696,70.71376952008157,maize
115.76663831162122,31.84973253916228,47.78774349348922,29.006424106582884,92.1709737549875,7.092202734941143,7.094796420371722,muskmelon
126.89829866963602,15.259063201524393,55.504131896912924,26.704512040926996,92.25605665285504,5.797106175987421,23.99576389195308,muskmelon
13.438546885129274,140.6797445882433,192.3584349669377,28.863923124204085,91.67156353000819,5.531482342003987,92.31316467572456,apple
24.482386748480828,30.524847365725517,34.82101451903801,30.964267447342543,47.81287825000026,5.370772269175074,86.19840656499002,mango
16.66691083609769,30.215606742705546,16.887464976835467,27.718864843798837,94.28213008437079,5.330639958143196,154.5230918034221,coconut
122.14287495642968,62.13494525448519,18.925611192865485,23.27246824038468,81.36817432558014,6.070614313730228,56.02708598618561,cotton
22.836946589175515,0.0,60.15406363782773,22.585660450644994,92.78767464981185,6.342583821335194,67.8929298289551,pomegranate
14.584077219102687,60.19963294777054,16.174680603870765,27.853469242797967,94.56893020034212,6.5890647164825324,62.866198616081505,mungbean
132.4771389214851,71.41802897657931,52.56758680037918,25.079192536006296,78.45342198972745,6.721387731182322,95.66622904547029,banana
5.733849895648017,18.487651617196573,12.659602755597668,24.190650285883702,93.65352314478238,7.529086710294797,129.94135773862527,orange
41.014474306500496,39.9210694919533,83.20083401571969,15.809320811695848,17.998175089557574,6.575518831124448,80.85716448955192,chickpea
8.86018461515109,15.542042631688517,9.214988436139574,19.523685543433658,92.91138160294689,7.4241475598292235,134.95483743722775,orange
30.782187899858513,18.178757798064307,34.434879239991744,24.22422538976876,100.0,5.583450238973834,125.13937145624507,coconut
27.646668584647067,32.849843215041936,38.903601837538105,33.95290796643268,62.55982556885801,5.7321227333735,68.45883915276983,mango
86.41581093846874,41.32968877924308,43.76256900282338,26.774443991262384,81.639354409655,7.019650715839234,123.33401842864822,jute
39.04652161503944,64.64021303808504,24.127153268336986,20.982237253341797,66.6395145892286,7.080405404775619,94.74870008327265,blackgram
32.35310400965317,132.13061564796462,210.0,20.466150629137765,88.96481381224609,5.9334552100592495,107.01831478325965,apple
66.84320479420124,86.69340966214189,50.06420238524352,28.631340684743932,83.58232602155205,5.934003299945929,108.45302569713512,banana
111.83485939621511,34.94666253864185,34.93567341812829,29.985495397429556,49.34066649218575,6.737448648888637,138.67882718748132,coffee
92.98086627719809,28.85356443510756,43.187895107866176,21.71809674218896,51.60160745549224,6.5488790259717335,149.72947109975638,coffee
20.238670297013105,70.58771034737758,24.4681214528605,24.428865721437102,53.471223054393406,5.495684765063722,128.6935076724136,pigeonpeas
110.25535834077314,7.189449285621823,55.78558258784181,25.965956624438558,92.7261892441392,6.174267489981775,19.46386435934751,muskmelon
106.45070658645969,34.997552400260645,33.694439248313444,26.2823892274506,57.59037679033636,6.162818189970889,182.44290971891493,coffee
18.758934950555254,78.5307357754206,31.729622557005456,15.549620462189232,20.78783094960446,5.836062731067029,75.34399723708506,kidneybeans
24.474925266999456,62.60754384141167,79.5967587205263,17.525377521528505,17.42330640366382,8.306974356812905,86.69051094738116,chickpea
4.8240837900114535,12.688475721786423,16.3963099749156,22.775888970693007,87.74506971561931,7.847051671673549,84.92382967509734,orange
66.59597541795938,46.93879352718144,36.36643269423564,22.398765011448507,77.50171900957523,6.831862019387199,172.84431032224452,jute
105.58941908461628,4.8863529332721125,41.5907943313977,25.315473653567818,73.6455455354988,6.378992954474309,43.63002755598711,watermelon
24.38529284033174,16.476705943919637,51.522189966526696,19.70388138146766,98.27748460651556,7.248879001708898,110.64143992454599,pomegranate
15.286239686223944,14.57767190980938,14.020481960827244,23.5330767412236,97.47672842878549,7.169735229538589,118.48589849124721,orange
25.216372771895053,135.78802240472442,210.0,22.928417765757843,97.22662796005572,5.774204510610417,54.450050123661924,grapes
102.02198553718748,17.252357428835452,55.55084249596058,24.439340576017862,92.02991115578368,6.952693625462324,40.61999865529829,muskmelon
46.24548425888362,86.20370249042524,15.396490897393175,29.378843411712708,59.714584449825566,7.157320467459078,36.06625944888253,blackgram
11.307719790125665,58.18811243206743,12.491643621526137,25.976055345453027,82.05364570468002,6.669520424512078,51.87837116230449,mungbean
38.394097799884534,63.57951081392937,43.189296552330426,34.5376353123004,91.35576000620084,6.891787521676355,109.7415453479644,papaya
65.7251743696973,52.49998263751488,73.9111930831949,18.08164285462014,14.548889249806123,6.843991700094559,14.74648988652514,chickpea
30.724700804153642,3.082405711769603,17.488179066083248,25.74446935417518,94.92006893962038,5.701483240846488,191.07041437917547,coconut
13.098632445969354,28.049563914747168,50.54870015272148,28.11289301552781,44.20901876138189,5.79299450513936,78.05566084737276,mango
52.293757176501046,51.940063911682024,63.27593018760594,21.827780862699377,19.461484559690184,6.951792551740535,38.35665967746164,chickpea
100.47175614763303,15.282233051193092,33.570154398135784,22.06063398400639,90.9932573656659,6.416560400786654,51.34078159047385,watermelon
103.15747271896713,17.340873790080288,52.019572698625936,25.540388331417436,84.63902231701647,6.086747766616764,39.235438479224854,watermelon
33.74503229033601,68.07466733665825,51.43775668263721,37.51783237193695,92.72890903394254,6.691999405061315,183.15302021936725,papaya
62.0624053161644,49.86972480785582,35.30597659797276,24.037482356183062,84.40373329452954,6.623265588014973,256.61540435891146,rice
18.443931214164493,70.63398837662747,39.5754411619334,30.867323140278394,55.763184693826005,7.2127318497674455,44.94762947586079,blackgram
61.10200333264274,59.84918786733851,11.533751593298902,17.709835466833283,58.11044695440763,6.410113354737293,82.44008233472259,maize
82.50823171618327,35.607293733722514,50.71195618739497,26.49700269189083,82.29687255717388,6.238949069172859,70.95221585944238,watermelon
18.92310612385597,67.69236208037128,94.66074399461111,20.93367523595194,12.601787863162468,7.469517757467103,87.2105941592289,chickpea
102.46999179663945,38.475403958470196,27.85141444774814,23.185138072460898,79.44877106511753,7.329349128052252,65.66357648692079,cotton
15.313491145312938,55.58079986940091,14.796636378614439,26.64214318103817,51.035598678394514,7.44192256341465,21.65221011454822,mothbeans
36.53837931365302,77.64779847050035,7.42443582859519,30.700051720913258,74.77177760166056,7.131291525742735,77.9047352769224,blackgram
75.43066773147305,57.912187771813805,26.045433041334505,24.75802650482183,82.54868011838617,6.665142055399605,145.42484494197518,jute
44.77035127226458,59.994369028770414,80.47632231917075,21.882202922783392,7.235922349758759,6.410466452056415,75.4760769064704,chickpea
47.166310664731554,78.66679178718283,31.99598276765405,29.61009357408713,69.59483426623389,7.038579871131985,77.50433623450141,blackgram
77.72450743861623,72.03926004852224,37.1257230510604,25.722875606729644,75.8580074245473,5.5978911846393,155.2542167017086,jute
71.16251892988765,37.57807906002563,27.394862057499473,23.138447496741023,59.73763400681944,6.146909034688712,90.57805046015416,maize
111.75421121064636,10.139021214714951,44.22521313771207,29.663708355793712,84.17752067963539,6.512052411700654,45.898755343252205,watermelon
55.828294467733336,50.76520220066696,67.4726711423763,18.88270323635034,16.54903793311306,6.838997397422683,63.900535625738,chickpea
33.13729353544325,51.11373129121661,23.50138640154485,31.133475682151705,55.90074399757279,6.350991123292898,13.424938793305664,mothbeans
19.60127596833325,21.904833951010044,40.81447986942369,22.985543724418882,99.44620711338925,5.682165271762775,161.62592612656275,coconut
26.41316739316003,19.775097204094443,11.443128807832263,21.583659542297603,90.9618058858188,7.266868354092665,103.27074760241655,orange
7.240997887875199,54.5215978113018,11.675193161267963,21.01335809310848,61.525939097565455,7.111223950541748,133.3487808240584,pigeonpeas
84.2522129953467,35.00287771330619,11.667298939029825,27.418716861610122,58.701305022362156,5.491578953701563,96.09531773457762,maize
80.17168158637199,47.48787309801083,40.44212378104198,23.391258045613355,76.58786401305856,6.324474061196535,200.15606973389947,rice
23.559536500356973,69.55298438416577,22.24683478980418,27.184813103259813,54.96411890822769,6.367554380511392,181.89298018167267,pigeonpeas
85.94573510675562,29.129016992017583,20.201029689728266,22.120256818934656,64.73206948429443,6.193530615948206,48.660018001709226,maize
26.41436727920358,38.236147922337416,18.25413244362261,27.114158581839845,86.79051806329608,5.852358423913067,58.690917779153494,mungbean
85.5435664650054,35.86851118947056,35.188301877767856,23.857326604961962,62.26085827035082,6.73684039292137,132.4748415372662,coffee
26.660478020367886,22.73626361099366,30.748788726714896,29.957931468730305,96.5240582493841,5.806748992854774,144.50618117398608,coconut
24.796135920526094,31.40785828756536,46.70171229036123,28.75642351765927,37.04461005252169,5.3797788015713905,80.92696328336817,mango
9.36220133687604,47.21911637288197,102.63426990267298,17.360386620914866,7.07928388435502,7.694098955324109,70.26711183087346,chickpea
0.17798154974738978,38.94370027481361,12.634615092687515,22.41037526824688,92.83591928094145,6.327464420707026,94.10256018073906,orange
20.333788906164642,38.330188964791965,18.709060367389252,38.05649480034837,37.696060451443365,4.988334512468695,93.82174441005387,mango
52.59748452144362,50.08759181741948,59.64793236364823,36.03688719950754,92.99417200555425,6.455041364966594,133.54238450414104,papaya
17.029015650015754,150.0,198.5825790581236,23.509990193394408,75.85913477724733,5.346066520148973,65.50420603105808,grapes
30.565962882457445,64.90250134575882,39.398351282069946,33.138891777832015,90.98509034768009,7.387355584911548,149.28722933573817,papaya
121.00732331389277,56.596706373498606,9.323183421482206,23.89229174520997,78.3249367537184,7.037027940681684,112.22387870872443,cotton
20.397925323556787,39.07267790761991,17.93638325407149,27.101542327625154,47.42672069995643,7.014241464327917,53.51969281557139,mothbeans
67.10546768846383,52.95633051465956,8.92423036499153,26.128541516575552,64.17369267969156,7.458312204414902,78.6425529568689,blackgram
83.4340930787174,32.0811773176831,22.82101763133738,30.65181923092701,65.72942129757848,6.011893948108268,72.32236798929395,maize
8.027990868446809,141.71767216587466,192.75499808055076,22.928902051940522,91.24390953877021,6.403989459815622,76.61730408717675,grapes
22.051671286868263,71.86953667770817,33.78263906695247,27.68382140875002,46.86959629128616,6.65435981166129,183.86426455968973,pigeonpeas
54.18906048695304,68.92498937001614,13.339813631968433,28.656634969045076,69.07720610565025,6.999712434911089,58.37952880917318,blackgram
20.322691244437525,61.87731805393347,7.315173003197955,23.3181769750028,63.68206447063832,6.092361657292617,103.67440945095137,pigeonpeas
96.08637868354053,20.69740498200169,49.23635500568284,20.025844849494412,79.69285050305284,6.923083481545846,49.00661217413499,watermelon
28.17450425308607,11.3304585800864,10.253332700897891,23.206596747989597,90.34979267205847,6.861787156398544,98.327793202335,orange
9.980116774639917,17.481834647491326,13.863417590160656,20.95189268344087,87.51456785726988,6.484374423360443,120.84185888691103,orange
27.637022349218448,56.091174883856,18.72309865983462,27.133282357442024,39.08947629983255,6.271877503667402,54.775388398621004,mothbeans
69.78605683394088,57.2254133867403,38.45470517931198,22.715016533510678,80.23933224755885,6.6661545927766745,244.61776257456313,rice
78.24108829728569,36.37033207612117,47.562579490500525,26.96997005422213,85.8501215103347,6.547128513446187,148.51437244883067,jute
104.52548129524264,11.182989486848532,26.440359785288212,26.91840970771228,97.54414637273166,6.13758032383984,30.32612405251689,muskmelon
13.45201918071692,75.81450469628533,17.390050547009373,17.467567538719237,19.114035626054644,5.033273651293969,71.70033899807598,kidneybeans
11.986929574723408,25.429937540027606,28.32645983915176,33.13092745589974,53.69881968536847,5.469279584907597,88.48345565113387,mango
96.93458439081337,43.86052542345125,31.59843523037472,21.52655635292628,85.2529639391235,6.771627085601722,251.7261707322078,rice
105.8091408439682,78.7611297527941,59.561279147750554,28.404605574042694,86.55469174943221,5.735060884528042,111.36946825548785,banana
55.38465314028524,68.4062202849121,20.645271367088046,31.70194124856632,73.7429729447417,7.413442037718919,93.55034251066917,blackgram
10.99821191696132,55.32509922624766,37.14757459821584,26.28869709884524,40.2522800442164,6.615549582794649,159.86329920392433,pigeonpeas
79.81274469486911,47.38600790928444,32.62214563945509,18.729624923820456,61.56052107037666,6.766344910259795,116.61349523345092,maize
15.606757934152458,73.24890364316994,10.091177347080981,23.6715572711788,73.7130974713069,6.984444297448452,60.96911604188416,lentil
8.18285627910058,63.28767255907674,6.723225293388763,22.778264876177182,56.39201355152264,5.875047304456644,138.8312990806459,pigeonpeas
27.50940029321947,64.10212015679551,74.41078202170307,26.123819650079295,8.31142702431434,7.281453271483921,47.44093952988662,chickpea
52.328036892688594,55.44117411972074,19.593949077536184,26.426659994024458,60.62841553961607,7.694460258344198,69.86222896808655,blackgram
11.298200340848556,4.59911527360037,3.1070117160268698,25.992801274994434,89.05194207691443,6.700175123338731,152.0926519722595,orange
21.020159282537712,25.379645865889657,34.67406999078558,18.614684092560765,95.44287555016365,5.790816494402212,130.0292141836125,pomegranate
69.41661009263406,56.73654397135439,63.30981444047684,28.23577601657216,100.0,6.550691815297853,162.67960058185065,papaya
19.83595362014026,13.65633399494972,25.571200134005085,25.478173040384966,92.63480982145644,6.571331540184781,161.18465105696905,coconut
93.54566551996416,24.161512917132033,21.753880577586155,25.027965410701754,60.1613364401895,6.4456720609521625,184.71807001804913,coffee
73.46673006281226,73.56981335490698,32.64462486641207,32.05333893501744,93.50206475444966,6.502313081239228,189.56916862600912,papaya
13.638954069381706,20.349809238309426,12.93507002577186,20.4781892835729,90.22084312327083,6.826810606495818,98.95988694371965,orange
40.256744536579994,62.8330674594408,23.608556028491126,34.02192348581314,68.47015297771561,7.281812748747524,68.92516137770767,blackgram
25.30974994948336,33.24442551458221,42.55996314704912,34.84387106850912,65.56377964691652,6.047941592130613,99.57621183877256,mango
10.301451895737179,17.910129110828446,31.828306667291308,27.1066915725983,97.152675237883,6.249426527053471,211.74323347984253,coconut
22.952854589817946,22.08998997077488,14.950806000526597,23.99963467951302,91.61536959049093,7.5207882580307945,127.8461697545909,orange
19.052689248796415,142.19561831597935,194.60460356623742,26.069728954907497,74.72185503797951,5.815172981712546,49.87588640860919,grapes
96.36771721659566,12.59134553743215,40.04108074125503,19.53390444918724,85.72373523583705,6.379950405281503,31.496621441175865,watermelon
66.49873544319613,42.241914344647526,35.91753091510634,23.81350161523657,75.40831126129477,6.860630635008818,217.41599195355587,jute
31.368143376557228,72.9350996845937,63.79881058248294,23.81268731405504,16.83352630241531,6.735226237447965,56.454516319814445,chickpea
26.296675536785635,41.01747303137139,11.733300032087765,22.720273384130664,40.47897284399679,6.3517774219378635,32.333153484486935,mothbeans
124.49328605369165,41.78500180037456,25.71261709171523,21.129459079131042,80.54501994789797,8.053313422312332,29.91620160707417,cotton
31.02286855326331,0.0,39.35906891660359,25.177052997087394,95.79357572032477,5.62959721531048,224.79792135005016,coconut
71.97069957650541,37.80426970117698,24.433505457610487,23.595106651786928,84.52026433670257,6.5302332229211295,166.34953290764895,jute
94.69086910264454,5.924750947127846,38.142127863823326,27.18343330170615,88.18279142624587,6.5228211628182615,20.30033649572465,muskmelon
63.151427284370996,37.24657736402816,63.429926524306275,34.49899346686269,89.75743601490873,6.367180409437085,192.39888249620768,papaya
37.84850834228871,51.86609587653324,73.52557781694632,18.469422419281614,17.45400011805024,7.441916633020227,91.61712409901742,chickpea
18.55304696097244,120.71061833053832,204.28586165711582,23.192918519065437,84.65332462763735,6.176696085832362,58.87603967684241,grapes
123.13999533360527,19.012898024802855,59.01276739559675,30.079815533776554,92.92114897509497,6.474591487089899,28.378524472970405,muskmelon
27.072450807522408,22.72376451149364,35.23207712119469,27.01243260459979,35.545347982766195,5.70840600841878,63.6298432392481,mango
97.32900105039691,78.14115901638525,48.966382166810355,24.981434941501245,70.74027823893944,6.208297046383858,124.28262846977297,banana
11.85609020985855,60.004203999102,23.228704562248822,28.56240301651758,44.977771549767084,6.031957520477638,32.912658866985794,mothbeans
33.72412729794064,131.71675951487134,200.8993839582099,26.288598602320665,73.41763242969674,6.028837920335902,68.96319607941962,grapes
16.717274148387098,64.92315156117812,14.28695126239959,25.95979253791477,51.95684608864376,7.006923692906119,43.37216326560696,mothbeans
36.25120131822803,64.67525676082545,28.224428523193467,17.840091393026537,20.84628083869735,5.566388266711197,102.97809823415695,kidneybeans
100.02957713319648,8.528878455077688,53.12173618851529,27.873427766495745,86.19100327031006,6.283262364248049,46.21833517911641,watermelon
28.419384102393366,69.56012182109129,9.346841919540134,21.688269944026235,53.33252021213763,5.2272644510335535,142.10515426259886,pigeonpeas
88.09810171560034,33.239129263823045,37.08054837316056,23.414053874037712,63.80665755017363,6.7561041610063866,188.67844953947034,coffee
4.949020140920043,34.21364065057885,16.918494891756303,28.59039602917229,49.974387967749514,5.978002624456405,89.78130753209362,mango
120.79776395602542,48.716229208788974,17.175287660102377,23.386442216797708,80.45704886580742,6.799198689814188,84.43959457642008,cotton
11.782155226498725,40.49302063495839,26.751512567132448,26.91216714868925,49.41706870578832,7.777346257705623,55.28693745783071,mothbeans
1.7874941218114593,12.50378592911909,10.02079569390578,23.38917388126763,86.81805638689386,6.202622535852414,136.13579499250784,orange
12.470246187035649,137.70279567235391,197.66731791547434,23.27696026864362,79.43799890699081,6.3699932989288355,71.7482033949019,grapes
32.9955094663312,150.0,201.64823630705973,29.772057508184478,89.95945288539397,5.499568303972419,97.80752491811764,apple
68.16708232494854,31.13557746729807,8.720242375328993,22.304649199621533,56.16338244691483,6.388985498997349,96.3134604744898,maize
15.997204667514328,7.036188013239629,34.85327294367429,26.663991163902146,97.44564217096277,5.7226014591574925,164.85784845290786,coconut
23.36530978195183,16.998975774042094,27.866033255907986,26.274164085940388,85.72046434567497,6.664308882566374,109.0010105812787,pomegranate
66.18724403286309,53.55019324297279,46.39626409497902,25.32763687261216,88.24832633521889,6.717685571430639,259.60056945217343,rice
26.292842830198502,129.56172030723508,185.68292317122874,18.53419767043082,93.33319358743827,5.964263706534994,125.83184035214563,apple
56.156487600365466,24.270165640087082,28.82615887010392,22.623974145182,80.53404206675619,7.368615581214759,274.23973479629194,rice
34.70649903749428,42.07607756811957,45.92551835516832,28.17966729689586,54.55495269393675,6.1483810069005935,110.16708467088804,mango
90.0405757644724,44.98740863766488,41.27546009583492,25.74914976512722,81.43680519018723,7.3453086517155395,184.2389062500083,jute
77.65043153512865,44.59237473864566,33.452123045706095,25.33821660444624,79.7250825982961,5.787197118116376,178.88249702721524,rice
95.03229408921777,80.68897144044703,55.56177755731012,26.087215140348803,78.65574014328165,5.959952193225366,134.3950787597003,banana
78.59821690279047,56.58913292455175,32.73950791625319,27.80157851062261,76.47858031612765,6.882351207182438,168.38931996089684,jute
86.34372245444709,48.78842603458394,10.121495304708171,28.769219164744978,57.99404204994467,5.372452328407408,58.87390726034244,maize
18.576339554034508,72.57776760936187,18.180634953954748,25.01310118882518,46.01168397021128,5.264072407749558,163.89610608028931,pigeonpeas
23.06316076129354,50.315468252783205,26.79736201958795,26.405629293079617,94.47691812738334,6.548105620860147,37.49868429366365,mungbean
26.294965830748716,8.252248608226392,20.18148001130421,20.70143016569106,92.08836610239285,7.2589668779725285,70.6002291220477,orange
26.739523681103254,137.76550857442533,203.03731830839408,23.64765637418299,78.06100555686663,5.61258583980321,93.92698083207405,grapes
73.64590090308742,39.79411587144589,48.126012877536446,24.724979159462514,73.12518970178935,6.657705201450406,206.89844450577397,rice
104.5012866375785,83.36574517491414,49.35291405090223,27.87681040676474,80.79151768545263,4.91610810288762,98.5274951830302,banana
23.17396826347412,16.549236355698465,18.87474601223936,22.698190864992178,93.87917286532402,6.124197082039343,165.94077413591052,coconut
36.84709120337571,3.059077209313479,22.39657667255713,28.503166378290665,94.86308927398574,6.23376769691006,172.45698692127908,coconut
60.395274943358146,53.02643269624564,58.190300900590536,35.613009529743714,89.8605664968627,6.419479910327243,146.13267058711855,papaya
29.18064371758641,130.90848350281547,186.3623619217003,24.5611382413833,90.75327833666576,6.26136780444774,130.71132051312253,apple
7.605942589246052,59.891654409469844,11.410380698257592,20.093573275504887,40.04321158329414,5.376454139616773,170.43252908525318,pigeonpeas
100.09389753099356,16.9654021972542,40.859619074266234,26.315768276618915,76.75389080870634,7.201083376966646,57.51565061974071,watermelon
111.64577156118634,44.84666117934408,26.597082326824346,27.333271633159082,75.18191467624459,7.730413373585437,82.96746956879005,cotton
95.06064325465783,24.39469245261319,30.537780703876,27.88893026495969,60.22912418166548,7.369227730116285,188.32977447104727,coffee
4.884819297008637,37.00538113219496,28.130585620325594,34.69535843647718,88.63198256599479,6.663182984551589,42.816487492153,mungbean
14.819795297771199,8.77294499863664,32.677219023722465,26.148985611604743,90.700726979589,6.91790670910084,174.0747344877981,coconut
137.10667001126728,46.03304434083773,2.6201960582854937,26.547763713921434,77.78243161012679,6.749508155452607,50.93807137860461,cotton
81.47521503320613,24.18417619849857,40.78462266709886,20.481098304367855,55.27906112549274,6.563079674827954,210.13169703469396,coffee
25.51304452346597,5.51983230736837,7.49347835824856,20.613920520584536,95.61422925019833,6.656704500392142,119.04824236095976,orange
99.53675084947729,18.428616755585708,28.698516418488747,29.314376477322842,92.28009758392938,6.134034068784259,25.440403771218993,muskmelon
18.600255706286575,75.45640120209265,13.077257343185327,13.134224619509371,24.072200614462375,6.052495331226859,112.00602881279417,kidneybeans
26.577834524482853,58.54956094719294,21.12432795934432,37.72377723093036,90.27266848271042,6.829951049762731,37.48890703101918,mungbean
19.84688122536913,20.33930192952655,14.93946940474223,22.16487534901738,99.77318650373711,6.523851079025719,97.87856820211756,orange
109.47153253532845,10.646364947202526,60.84984535083959,28.24852599224111,91.28639450567204,6.650649193871797,42.162043408826804,watermelon
15.470738024436441,70.52264264003432,20.633767404973085,25.808808063773775,60.04690434019513,7.1840545411506165,35.12426208459394,lentil
16.599079256119893,56.7178929429425,20.42121101297042,22.753522007282413,57.379706669634515,6.3083469783432955,27.234357997531944,lentil
57.1110156036287,67.44278282275909,12.857635522148513,29.102473830622365,44.14107576745213,6.666015478617369,68.65598706487357,blackgram
18.76358487050459,20.8573078994943,30.05675580260489,30.165470135001772,45.109739703464314,6.435936893561193,103.30479845123241,mango
24.347495423273052,27.288957561309054,26.641883763815713,24.65677577133222,94.72867955901916,6.653424505347979,145.97748603929028,coconut
101.59622794820405,29.950134481539454,14.790330999789822,26.80809399962681,59.98653471644479,5.952242822466763,157.08226827787695,coffee
19.329419827984292,39.32409062736726,20.56396983216931,26.136964735577877,45.44052931503921,5.988616334866737,44.62088969692054,mothbeans
6.120191343636538,69.99788104295799,6.567116579010262,17.67529998503108,18.831862574229064,4.9659886813280485,109.72593976084407,kidneybeans
87.44160475205702,47.76285817191093,16.0206835632601,19.074005620689157,80.40963627565155,6.845407907295821,79.51819495604722,cotton
116.90479378421682,80.81435847028565,48.019538292752216,21.29935178959727,78.36748901554736,5.4586924429157895,109.42459084001246,banana
68.20151337343746,28.13531848765898,31.737705336360474,24.74299770332683,81.10386687275123,6.273311215525993,223.63260514479757,rice
104.76391898346874,62.23665720783297,38.20480786717399,22.85043803659204,89.30722146121101,5.8464771589782565,194.21091924176693,rice
25.180911817756495,63.25825437778801,21.105787403794423,21.262363860445394,25.315753693520694,5.735311598783501,83.25012257804444,kidneybeans
35.78817149450937,54.527912399229635,24.886728249093512,24.252249513336615,48.79672739267564,5.583372898863203,169.65394041168756,pigeonpeas
20.31236068451648,52.1541883029349,20.559668715290996,30.543554878900373,81.57234193573474,6.306380590792326,40.33708571547574,mungbean
68.08795564961864,49.39636606016994,45.24187842812771,24.828822537985662,74.93617058053817,5.244948281683678,232.17414341561528,rice
19.90376064080843,44.850633592428544,39.413342069850955,25.54897404777376,55.38346541574732,6.424890464878933,76.78431122931958,mothbeans
44.89383938938409,57.40790740684917,80.75237963884057,19.322602540160904,18.075490679095182,7.509015923033105,81.10291363889662,chickpea
19.033851386607946,46.298808088698415,26.59794197238374,22.341085216049862,62.29493088690838,7.210299647498828,68.78065345547994,mothbeans
126.19139611604561,54.06017728106745,28.9367424971819,22.52206993565191,85.07151843590462,6.150874385551491,105.92431363077723,cotton
85.09771097790373,78.71227115328306,66.13750848238999,29.108561098185696,71.79579598376387,6.540538835500994,131.98840433967368,banana
18.902186385309953,55.361442622610554,7.562319415361175,26.230356005338585,43.909577096859756,7.685754641243373,63.13483297779951,mothbeans
81.01368604233338,47.89119398689984,46.3128822583854,19.628532540433,80.4016439182135,6.164813672853603,204.4448860702663,rice
96.87742106936847,85.64041081113203,49.17148873332453,23.896027693747826,89.42778451782056,6.401687187595157,98.29245096653065,banana
21.51805248930122,54.62598150425251,6.508186350478859,26.545300021663493,91.14407501358302,6.8609261565426465,0.0,mungbean
19.41893058552109,73.5623913497328,4.140905330280683,27.860298011871166,62.20724669328066,7.112960522495143,53.44855407074257,lentil
39.62750747447873,61.975562825275034,65.77778503361219,12.440674063748297,17.75040565172512,7.329596102508858,94.18529136850755,chickpea
103.92222097368789,23.56443952217071,35.16778791103817,22.75475697497685,85.26930483657917,6.7520613677713275,65.0548531910584,watermelon
72.22580236450588,60.11228433276722,46.37533810897696,21.903208714263762,76.93141316779801,6.416391046438131,181.33759402475488,rice
84.07270824591642,47.42158557576534,18.42257114289597,24.599626564523646,84.99777536404267,6.393917350692572,198.02366107678858,jute
64.69065470729994,26.401645934543716,40.99034821007201,26.79251467905159,90.98797261217157,6.658148786050726,215.1313321365722,rice
47.39692508412923,68.19343097059748,111.24351558500493,17.871687428321252,14.709590991659361,7.5075863486294985,86.38208337824277,chickpea
24.36177165593273,75.53112300877775,20.301749880262424,23.338816519511653,77.24318241163127,6.708839384090627,50.69576320512815,lentil
78.35951142560171,45.01999356415087,22.25564693915326,20.20527825606068,61.28543677839412,5.400973812361643,88.37808629670205,maize
74.6597208701153,38.77459847334447,11.426389385106045,21.58554103354542,53.16809091702671,6.3613987320466245,56.24786264619091,maize
17.508940592315867,4.517025081466441,44.048722867190754,15.910293913273176,90.59313842716635,5.909397762790981,88.0071792972823,pomegranate
111.06338895355559,30.26883939938843,15.581019745503863,25.922332851324004,81.97030044538518,6.912372346933891,97.96263706020686,cotton
18.864885421081446,26.976137384264625,11.450672492115139,21.710717410263157,96.1383265189461,7.399704901508757,134.03926642307752,orange
18.735830170025274,53.60528275272844,14.937252361183067,27.481200661480212,85.82073680038212,6.798511236597544,53.924672573522976,mungbean
27.288623604598314,13.154881986733336,40.26634180476233,17.15236611088804,89.18023093455346,6.149523852349711,96.9422808564873,pomegranate
20.983396942458565,140.0763342450669,204.03629172797903,25.722190975928577,94.16423712067788,5.822821807876061,99.17465912000304,apple
116.08067937695557,2.3113477157360176,62.728208037290884,25.35943615259135,92.63459761824656,6.164774498351716,16.61599167638061,muskmelon
21.166204882122667,18.745497015166215,6.6277751030645105,26.773946448946113,94.44048481180879,6.6497694538460825,95.55489368368015,orange
28.079283459017546,9.770351762356203,5.919497626172253,22.108261845683348,92.11125083344955,6.585947410898132,149.72443134526478,orange
119.62109697149172,34.667532143149245,13.313716228673524,28.643706046658153,71.98646837059847,6.826727136157158,56.6738126847183,cotton
53.567631574639634,52.550170612743585,72.41497012629307,20.84870618965994,5.364501015273449,6.455522526197778,64.38533198298576,chickpea
23.21952602674817,60.705273541054986,22.517970444716703,26.324629659188137,32.180474825621005,5.904776143128424,111.48021334394468,pigeonpeas
77.88631676652273,56.32052288414178,1.245616849690581,29.361809191664094,65.00049721513872,6.738921677872591,54.50310637896196,maize
12.66333958231755,54.0552520522431,17.900974954318666,27.491972478935903,63.17791089417678,6.425655563315021,51.36940658263182,mothbeans
18.49528837853112,122.51178668213916,210.0,22.263534835239522,85.4075299290956,6.435585210953995,53.67607321164438,grapes
132.78423644291246,59.27588804949662,21.284547323463336,24.094841864573237,77.75605541920292,6.177006097393034,53.102006071990154,cotton
19.49456137466855,27.68199017087549,38.997953591213886,30.451450308072122,51.41021628582549,6.159649393599644,65.55458768332628,mango
25.61080670675861,93.4529439490764,17.001639401679334,27.283978861699794,43.537947356527376,5.655990049219033,204.05573173415354,pigeonpeas
28.367450995606077,60.08075476474294,43.68376880058049,31.65613039424893,90.45051074627351,6.334113525859468,113.50779233373268,papaya
115.98334033641689,44.917115508715696,30.297784230451935,27.944397388126877,76.56756929256707,7.227330286035608,70.45862270852179,cotton
24.340123548284403,80.7102612221459,10.460144585740178,25.931964243347977,56.35038262560438,6.998617026489495,79.25208476262527,mothbeans
27.22495276780888,123.86362844348994,189.81773236398948,21.702162179919924,82.57043707287163,6.248318975658959,85.89008350123494,grapes
105.20469502679691,23.05172556673233,35.411903665489085,22.504737399753665,65.30524419500833,6.825851167827702,170.01359540392372,coffee
30.370067303494466,119.15276981787079,207.35963203722778,21.403303210772208,94.77465258175822,5.6722871575598734,112.48786139725676,apple
12.242739093058773,27.002653002050828,37.636118772822684,33.742912378688715,56.35878563932281,5.921146605800614,109.48006617073699,mango
22.475140212678404,52.970589127527596,0.0,25.13264056069756,68.44946500831384,7.090200933260753,39.70080982294385,lentil
21.09352325331895,22.7828148519234,40.452467527898754,26.0288857672753,94.88393519875913,5.8583249786394225,159.11799375337154,coconut
81.38189987651164,36.62601776172538,34.055996478012645,19.55839046230495,77.55933073133174,6.220991655962786,262.1434007751441,rice
19.248865387853076,58.79123779324209,20.06391447126354,30.37854135555304,49.0811823312868,5.893705816715679,54.025384820277836,mothbeans
74.94012256897241,43.579967855924785,46.15256766968561,18.807985183478344,82.82195351488652,6.204768025268596,303.9130005182418,rice
24.535765276669785,41.053406466211406,40.16566953726375,30.657056960958197,63.43464106128383,7.197621506036879,77.7929746240786,mothbeans
16.581269162441544,131.9758218015438,210.0,23.898184308833677,85.34233453596752,6.181928390254804,100.36603878460807,apple
13.152928637309323,141.98485157059753,195.45968784474974,24.582359409547696,92.62134029034448,6.63168168401472,132.8543222786537,apple
111.58299067129961,43.86831475069695,16.516879171150013,24.33538775638936,82.09447285237599,7.172690490758669,67.32898328977218,cotton
41.64320659381916,53.59509928144574,76.74927647514875,18.291609724666042,13.328061213043494,7.394037547398845,74.7677674967485,chickpea
108.10382389591729,0.3315427631516741,65.89298694537834,27.388327123400156,95.73768254681255,5.586589368412818,26.05254802784953,muskmelon
58.26400760413171,43.2187912686768,21.95597577220134,26.314729652417267,84.48099919646484,7.076680896853217,187.2273674807451,jute
48.04880565862379,61.2374001441139,72.96181218896042,19.032948677747203,24.179970088838573,7.42209602971177,35.77053680539082,chickpea
4.039192239805761,14.784125881641637,3.6830246836650824,21.964988460012496,95.34508887314212,7.64170216267185,111.87058567886417,orange
14.555462428587834,129.82154098857464,194.36772923054605,22.57859046777692,75.67777327855367,5.89650818297392,62.61189962521783,grapes
5.360558701364946,26.024573466664066,28.310053763109764,31.816905191655252,44.80394007810937,6.5542766663142356,98.21209978758884,mango
7.693811323483965,0.0,2.011713038855829,25.063863291812382,89.0393541163699,7.1139568447211525,129.13294779690426,orange
41.72031136780468,70.289355469579,13.463310746973043,28.267631684742142,64.83924361299363,6.466313464451258,47.09641631499327,blackgram
121.9491849510693,84.6374698234066,57.08793601905235,28.534898417488865,86.97886076406125,6.29122741017269,78.44623445122863,banana
131.1775296088412,33.47059882895967,36.387890695147,23.78242922463678,82.0591963695296,6.598899963903266,102.84423099083295,cotton
25.557508179177653,32.734141433123156,14.760834869520224,25.478544513013244,85.10849085529958,7.351141587477626,72.27107285597882,mungbean
105.93493011328556,58.59220600295612,42.552134168558744,28.05187536285797,82.06026590300912,6.50139863844889,186.26114518152067,rice
104.54629543112193,51.131727897849046,17.51089195477051,20.39903545956212,82.87142722679029,6.729684945490965,84.54966973682754,cotton
102.04145940589552,8.524096573136516,53.318537267799094,31.591406267581462,91.31617557357946,6.052962319025157,22.579359441586174,muskmelon
76.44724603235474,46.76512421372447,42.95993989687099,22.88425625603613,73.2163910876071,6.563997741857055,299.09400856656737,rice
77.9443043294889,22.717023116716433,42.281664473532686,27.17892327467391,86.69061046963662,6.040315901061669,11.98218066736611,muskmelon
45.62112839404453,44.87680707070689,18.232261457709168,22.586319545701468,61.77614034775826,6.312779919755091,108.69124024620749,maize
84.81989292671679,52.454989065249826,17.832574958737535,19.284043331477683,55.05445255487376,5.382268375771071,90.92371528864874,maize
13.767639720163228,132.40486775517903,210.0,20.98533927504047,77.79170184448202,6.500900978986248,69.13662242028286,grapes
78.12486454520634,59.81455547658973,32.56411771187436,21.53324994812904,83.01153095915596,6.822192595242661,230.45704222242637,rice
110.53782294308589,15.426978413019523,61.4840774748734,31.60652149429269,96.14115420218357,6.583372867594213,42.881097997260284,muskmelon
14.143936536754286,64.37193276856044,21.466737711987367,33.24140371949783,44.996917417636865,6.3794033280054805,193.11927911427577,pigeonpeas
95.95777299101537,33.58061773857596,40.06339062362269,31.793021179787495,83.11539871312638,7.116607253303087,233.66080712692832,rice
20.234103577133677,24.622038236453935,10.149486040338003,22.255801195730236,87.49907332744382,6.039695252122973,135.0381042367192,orange
21.183807929792977,136.46266919499863,196.3500631328129,18.823177176775964,91.94883252832855,6.02083738049405,124.3050904066591,apple
49.24027696586649,46.09778905845758,57.50338603365376,33.562092723153796,92.78554986376864,6.900756151869253,128.9396146527069,papaya
88.25429636412521,17.83421920804789,16.17801607211364,28.571221879497042,51.32230944786059,6.9333344720991485,174.47386076448507,coffee
71.03701817259714,62.740416674463845,53.41386083056075,34.29382592195403,93.71362181045134,6.81990708817358,120.85238770937235,papaya
17.2801431928257,35.29707950940229,40.07822285522858,34.25189873158928,48.65416229819579,4.944084404898726,92.03587827214304,mango
42.440768853068825,24.858974051347104,26.36670924175819,23.241873792469473,64.00357040208608,5.536801948340726,84.41915722874084,maize
81.120542653219,61.16874398498608,21.04821692954736,18.990624077236795,61.12218038644568,6.182194631904955,50.88145869496086,maize
34.4079752627428,53.54772029113278,4.026388108804509,25.24615809943194,65.89567393155502,7.492093507489065,57.91367313640038,blackgram
7.489482469424603,54.21197559452902,28.998367721369902,27.75222561476452,87.02620045653215,6.510203508229172,37.85072646328927,mungbean
72.50763237075401,63.821748802040496,18.642241628636974,24.655169268760854,60.14184536060612,6.237856643978417,85.15041701090179,maize
78.93979427521893,48.34295128497715,40.51142058552162,21.70339416771086,86.50092282009982,6.769706336150474,223.61406770311933,rice
92.52317116051744,17.143027460067216,55.85578769772898,27.465813394737005,88.11542866757925,6.451529811449579,57.44234687810714,watermelon
120.72400241397801,52.44227924542853,21.53571521187764,25.407091984668522,78.37313742917429,6.472491560765792,51.4472219449428,cotton
21.076955490580772,44.88800755768406,30.80792751022775,30.13920784555476,80.08772370666205,6.286545733792436,53.903162416275705,mungbean
20.340980184629647,82.81226927581568,16.057048417404786,25.092463907866886,63.48725558462862,5.712605423640872,175.277059813826,pigeonpeas
15.613443608027847,64.48596731994519,39.06179828405546,21.687824545505375,60.53622393163046,8.21754164334726,51.05215962952663,lentil
75.55771643691428,64.9782089763762,32.168719049427274,25.411179579830456,73.61764474215173,7.438627702520565,133.81532967297557,jute
17.153553076095868,75.95230218643714,15.973295723808778,23.325804737360034,66.29924840674181,6.849615826981201,33.633813971348744,lentil
144.03665629402312,65.42620128819635,24.200982110098277,23.20324476276243,79.6482220869769,7.06224090538491,71.59504495077621,cotton
76.65919683868016,45.01339846754487,31.783628577516595,13.196511485839654,50.658526638723444,5.606464786812815,75.91848381077986,maize
26.316657024488826,58.10444488460721,70.16295285474988,19.334051288194335,15.05683409466591,7.790957465989868,80.13166308380508,chickpea
15.429231537057142,32.086506097510146,10.826113844422078,33.39209496759844,35.00787380055729,5.2338368366708075,84.71468337473549,mango
25.501219876072103,70.46111830892447,21.941154170590895,19.669849997032664,20.786584518862618,5.96515655808896,81.846389932841,kidneybeans
21.56761136451556,20.809726807932,9.450403412951188,24.67399769878913,92.19574138393956,6.440823487018156,126.40432309766521,orange
29.965205904959163,50.78271258551301,17.49221271701149,30.232913327090035,51.87412311770541,7.38183056682302,81.7400992555688,blackgram
17.71975269959531,25.562660093754836,29.738983819928734,34.31961795577734,52.49299804539679,5.377066462609334,127.45028276172835,mango
66.93686967775305,56.80559228456502,51.345917294523794,31.061455917269182,92.40435193347831,6.430438524572282,143.0364243956455,papaya
26.934695817290777,148.97420152162567,184.55925234020827,23.661677676276888,95.87786723101803,6.407615730112113,70.07241126179089,apple
77.49608104837152,53.167758672007906,46.25085201248154,27.755175025695586,79.39338540681358,6.182296263528019,210.8358731635208,rice
25.119826968838563,19.52941127264903,7.897648959786547,24.706200457127434,92.05696930503616,6.5119773446102505,117.0320889084592,orange
1.200230278043069,52.461378272397866,29.20671799321647,29.09166101146472,87.92413818529806,6.535329555064376,25.663322937347736,mungbean
3.0620535030357843,47.46759201360922,8.158298711001525,32.84884526069118,85.88393818881576,6.33792997730257,39.61641102405056,mungbean
97.25607540192024,21.79903421108975,22.956702883789713,30.087061027224614,45.7331618249807,7.609225770911204,167.2219095839772,coffee
80.75473413691961,18.676557980184928,50.72625853469225,26.337061866360497,90.5976306185238,6.5553947731196685,35.12437002951478,muskmelon
58.43791695033595,86.4882512731232,64.53538131257349,33.400540141173636,94.57530336738945,6.152126879025284,105.66463366473614,papaya
76.83964978455265,32.84109075895869,24.365220521313116,26.057247105823986,80.24523808891011,5.8888598591763355,226.1528425230667,rice
13.321190777827987,64.28001407560211,30.077646823043246,17.642914480199625,16.55098005325795,5.603101164493845,105.02125743189825,kidneybeans
93.46723112615823,61.28936947623991,30.298504803485876,21.33691303285632,88.67892168160117,6.3043280066524705,286.1528556826623,rice
18.609900885102718,65.92177107526832,18.790652954475604,26.874581197293992,33.5655320306316,5.4186847624570245,144.77326670249758,pigeonpeas
26.768998707620423,15.315068488684233,23.131950426711896,20.447746130441537,95.00753216613424,7.20477489459272,96.00345150603884,orange
48.91705297412493,69.4734242274136,41.567596754124494,28.829144820173532,91.58208469353278,6.56466340397945,130.11930824163827,papaya
66.19306036222346,58.15909284966285,39.00646493509689,25.620873454836953,95.08740482310017,6.923236621089457,150.2671428367263,papaya
132.81890495304066,76.96649971152848,44.99158843471467,26.25850252012016,80.47801403946976,5.8686232884381955,102.34226390755201,banana
49.646793941636176,53.663083144531996,28.937108949020644,28.213056423257015,57.76437418963164,7.178841300348481,64.35015159805127,blackgram
24.219658473175897,12.778639510692866,41.297547026663295,31.479149153186622,49.64925895180031,5.386093623779765,110.28744592685877,mango
71.85179739553314,58.65088787327389,46.26677882451946,25.808619923328322,81.14503700522387,6.433194992921255,110.34859223914808,jute
81.26696497953043,47.21759840797327,38.54673040145562,26.128493799370357,77.05803313546397,6.758296959615615,175.20342535269546,jute
102.83510477774516,40.93151945164674,18.57978105021462,22.518327600785675,78.64741034306812,6.617525121549777,51.01200316382747,cotton
24.58086849738593,140.91857319729954,208.75237385542147,17.33932821466053,92.17370572948082,5.892619454308352,110.25558629005614,apple
28.81973211494446,37.39846102401733,26.365768647044394,30.67712012353436,86.57483643575894,7.152569748201092,50.25688841158845,mungbean
24.02697470479806,13.661266614339894,20.151773307149774,30.877051084680694,92.62577550211236,5.502546915205994,168.94660579551555,coconut
27.366644734085583,67.69815142854148,11.164846664777848,19.953973030878128,63.160006431777745,6.597188173659814,48.46277310043573,lentil
20.9194712926481,66.61919367285068,28.314952359348425,14.741896340897558,21.87850228082425,6.3159718794472965,56.63471257657012,kidneybeans
75.80186868926211,43.808311626720794,29.35630517835107,22.28537932394444,56.446891510834675,5.9466986520143985,116.82206921886659,maize
118.95271557596398,51.144494594410595,16.880831568773754,25.333716717721096,76.01969759087443,6.938994125195886,102.849965658522,cotton
25.960497238611737,23.451993238205937,8.493889031368433,24.965085025760565,93.88389624318013,6.625797283087189,135.42602232435368,orange
42.35569870639894,68.71934366519451,73.25832147769293,17.151421780027917,11.028172596377704,6.774210901549531,33.43209377116995,chickpea
19.47190513403814,21.96704644683681,30.335992697152733,30.611408842187824,48.77049545185998,5.63496274003568,68.90102922212725,mango
4.088800405638514,125.06961296855279,182.28417641051428,17.05466665671609,93.27906552235787,5.91107673397597,106.83199089063753,apple
12.404773036909862,15.102383315466238,16.33606303288683,21.03028156108351,92.81627522952722,7.337063502255206,98.87905098331667,orange
62.90856498362638,40.18758876134588,54.37776939916462,20.513761461797138,71.41672775514735,5.469077423378745,231.16439786306677,rice
17.473684110759955,76.7845085031833,21.593904329993915,25.415427228166408,21.852540930098247,5.683973690425099,100.10332206637165,kidneybeans
15.51280727324939,59.09424189192057,12.937075883619196,26.24942986362688,66.09140169873332,7.234290968866956,44.62986041163466,mothbeans
26.881968342227886,66.71228011613698,70.70417772485524,17.2690108858674,18.56909510053561,7.003301032107946,87.8571163264591,chickpea
15.92676847923125,19.098749410026652,41.1412851878045,28.03273488051035,98.07918288230596,6.343650675859379,149.5284808233322,coconut
113.59636982465972,26.374469445720234,61.13208100588848,25.079702834072645,80.63782011255499,7.270085231103701,58.275707723466205,watermelon
89.0228417336135,10.118589612581356,23.177066829146863,25.726267265639024,56.00390783729529,6.175828151966226,185.40148828378878,coffee
98.187782552474,41.76208295713399,23.08037350830237,23.947311520567663,77.48788452603743,6.228829530668059,226.73648921259516,rice
57.77579676432871,60.79464111670342,60.039366059713686,34.11270763433466,89.40773607806545,6.499723190460244,130.9289731803036,papaya
71.1393947905477,48.156050035903405,52.05853620888234,21.812748486769173,78.72926779966102,5.326355485130673,223.49336317820368,rice
110.30889508584833,48.83229777243363,27.35370778571536,25.54093486743711,83.75186120140413,6.793352871411853,92.0600039322578,cotton
21.14520422356372,6.356832056710887,30.094621753079807,29.53899298641218,96.38920388322782,5.971006837762836,161.78085606491533,coconut
78.53871399147393,47.13521426126866,34.224851259915525,27.845176920795627,72.34257851711003,6.8205241162855526,170.45873845626917,jute
30.126199401332443,75.65685174720048,24.299470833818695,23.91658785583144,20.05377151715804,7.012704966044254,94.31176461591949,kidneybeans
15.681489429071766,147.9719309069374,201.59911239317515,27.850795890324406,84.47110059639247,5.876307710419806,62.14464195186114,grapes
96.4528962013881,5.4693509239530265,50.75202409834727,28.766209333814256,91.18786873688667,6.496684488953282,27.335209912670713,muskmelon
8.70770196339052,64.74431682395294,22.812566263699672,26.742278029980188,45.52847637882989,6.54477957554636,32.141414958300345,mothbeans
44.690878316822364,59.16028397286871,61.636943566260186,33.88605118986316,95.49962060388316,6.10872925121716,134.17576485728145,papaya
91.80621585337434,49.94936212829449,17.713553125314732,22.500671180590274,79.02281359977881,6.27766052527112,43.90779799925642,cotton
84.57075619631647,34.60015893759504,47.50451195806457,26.82169414917364,72.24482405673082,5.748910246568841,235.11361612669143,rice
18.197982459867337,143.379827105523,208.1595715934866,23.789015501782394,91.95057989585749,5.530023964277549,110.46429249049532,apple
20.690030689800047,53.194056602465096,19.07357192022587,21.175658448425445,14.49110131293245,5.717421696635784,125.61891834376931,kidneybeans
9.700271317397789,13.491350103168593,30.951273900141466,19.308669063013586,94.12565225176282,6.991212717730786,90.98414778162116,pomegranate
23.202567744424414,19.78979326660963,34.58345740601105,15.191431919221529,90.53365232628329,6.018769853908009,93.43314750276909,pomegranate
13.542049630935601,16.72262333742015,38.04514806576731,26.509271122240268,90.92898637089543,5.754564075216231,113.3636272317353,pomegranate
82.84765089256165,30.451775147422108,53.361861000121706,27.743849955178295,80.73741332848518,6.581727168919537,133.60312136800502,rice
18.014829685606305,150.0,199.83952375916652,25.200910219496066,78.24600863353976,5.451799173978246,58.84457552743654,grapes
69.55250207363159,49.8406985874127,48.375999800942765,30.75133759143109,91.41461466768149,6.609827060266647,168.85644786867147,papaya
37.934702400087886,25.59295739002055,16.89332877493883,27.988932923054826,46.75086006173777,7.249912916064141,62.19886518079459,mothbeans
106.2376450426676,5.683741456447761,44.96004891636449,25.729856395916183,80.50160044951198,6.673561661223842,44.31086050900121,watermelon
13.795587523010454,16.55685366995311,28.779983790279456,26.49915188312468,90.02858231630238,6.054745817777384,140.3561755264862,coconut
30.711411236114667,76.30397749107543,29.55231468732185,28.163163809012772,70.38389939331582,6.718852525848346,33.55298864481253,lentil
34.78928715346286,135.07479646429047,190.57330647853922,23.84783059773354,80.36100099992082,6.1738831475081595,68.4033809258778,grapes
32.83527996828283,33.773993512169824,7.049077653758479,25.51433753969919,86.43655301287997,6.948301928256303,53.2493812183384,mungbean
10.889832847876711,128.19348285860394,204.7478981868437,23.06009975808112,88.84885537580371,6.299650635722649,94.18251719627207,apple
100.56063093741045,18.175995267700685,41.526518856521854,27.809781396566315,86.03304563861393,6.482057524473874,32.74625548129113,watermelon
16.921333459965478,131.54498777337648,198.71107091757236,25.097819038155635,95.74776331427447,6.802185002155729,79.50185366602864,apple
103.25276301146211,34.81519415012146,27.374915777280645,25.729552992674,56.29522804100735,7.38307261979646,162.90660343427655,coffee
17.546790971011433,24.56194981629698,21.142297503529385,22.538959455121578,91.98028325608591,7.002344546276028,96.84156398033417,orange
22.271248009403788,70.85247531358856,20.51309441902523,15.978444935458318,19.69367804479373,5.807596474656044,99.13301874953525,kidneybeans
17.87567620296611,68.2827396208103,14.979382070311766,23.466299375649456,58.520748860237426,5.868064707437754,220.77381327987166,pigeonpeas
13.020919133649656,50.38576110050471,13.217347618225293,27.4352588849393,86.60895684524247,5.3365151694113235,76.93492847567622,mungbean
18.013725454185717,18.021740969422815,17.992853089057032,17.201523398227298,94.62974474819825,5.895136837547449,137.87422297634637,orange
6.685148853358394,89.9392700572799,12.678194230773409,20.942019882982276,25.852489904318652,5.401723909263277,112.33169484597748,kidneybeans
30.29473810116402,45.90237094253719,9.764025632688817,14.903903264515268,20.6834007014452,5.653713285741516,134.97840954240218,kidneybeans
17.529681639944723,14.508365740693845,24.138045221162336,25.938652153177788,93.31262506012943,5.785065032799813,191.39387392045225,coconut
104.01971308274649,13.703146618451159,61.49703782967822,24.868057810687148,91.2461476686006,6.703045106013221,46.469898491422114,watermelon
103.37172648196514,31.039386294403588,18.46105271843765,25.18405485850886,57.549873165877926,6.390314617915779,154.46246284027887,coffee
35.04701045606279,46.527116864654424,24.644980955575882,23.865695975397927,49.231997910006,6.463842066839793,72.04585646762818,mothbeans
102.29306066680003,88.95855756026778,63.96670471948191,26.947461140656063,91.40208155961598,6.092980578087961,78.79567212566734,banana
93.92445487352727,38.94999287191269,34.66099761626445,20.79074276613093,78.72858361656222,6.613945220347459,222.43022636254378,rice
59.07635970442026,77.21356129313342,12.614834361708521,28.745030597189754,65.9683035173086,7.710521279994575,75.87531884060807,blackgram
60.71469964485411,40.652868929387964,53.223236746761614,26.90968977215777,80.61025314114553,7.107570484466918,172.11465688222128,jute
82.64318418771478,65.49810108034617,51.333521415963155,26.172594039958355,72.47697385668033,6.2103260796619395,65.17001875100641,banana
77.0988646805867,36.83424892544425,10.825343342660473,19.239115164297132,56.92149468822835,5.6182631001038645,89.05148897657187,maize
26.589767416350337,58.970216874329964,16.862191896637736,12.429568794179502,17.60510342824009,5.79697308134754,123.2594464405723,kidneybeans
22.225520234898973,115.87757344481162,210.0,21.388388075091424,98.03577608881056,6.588369781002124,101.89465232576867,apple
37.113132722459376,16.13664000162543,25.062527065985496,25.629195483285407,91.03183302498263,6.249830411872156,172.69828138202288,coconut
112.58898443401917,22.319650841293168,33.48119351908217,23.11260684717402,49.86739598404059,7.622224417503866,134.94417159956893,coffee
131.25953529877992,38.5593494881536,19.576514819916376,31.05779904943371,84.00754770866655,7.544459835530797,69.23750374917702,cotton
100.30891211059088,23.747774007253327,31.818799840462212,22.187015471958233,64.72675520661637,6.5206638805710675,150.34082778482784,coffee
88.79333497038917,52.11226579792855,47.93347235199925,22.95382478325469,79.68824103667717,6.828987940628577,222.3478270047354,rice
31.52576451089509,17.588380443603914,9.465426861826215,14.620439260017388,87.166218386014,6.742299357926643,87.9788213750757,orange
35.22768239856916,139.0315460115558,199.50241978363894,17.4981846495363,92.01400668672815,6.756873506787292,143.15273488033478,apple
20.640660996984685,26.749898750969834,24.87112413261625,25.28773250155276,47.69320446668432,7.113288194895501,53.818311882690864,mothbeans
52.12883691723156,71.09169811492131,60.89584397310254,19.90465692043871,22.077576082414648,6.536665773767102,69.84190969253527,chickpea
128.50141775529917,2.594055412601085,37.564194074601374,25.65032439007843,93.84711453007301,6.580868998795229,56.42570222764988,watermelon
21.43717344624043,59.14621498026956,17.03431692421516,15.285577490356733,20.15224642149778,6.5365022457707616,68.38924097056966,kidneybeans
88.47107064210938,33.825116267124,60.66812026266753,26.036609874987235,83.0408835487623,6.37568420681112,66.5097824021298,watermelon
65.93548002069308,79.5727086327856,24.689201255476192,29.74751150386454,66.30977804046414,6.6985242385467565,36.69822991040161,blackgram
12.5954965380413,7.020587698421734,11.140257485126213,17.722410136506134,96.09284886110677,6.7126185056990435,142.43613856617634,orange
55.682664763282816,70.4073324914121,49.410753773377394,32.59082466835607,90.11798773664765,5.755984592534788,146.76179041221198,papaya
85.49685862404048,74.84026075274424,39.349556300444405,27.910119713826422,70.1618040165405,5.595369108175921,67.74116904335358,banana
20.565649020181734,23.226307883578237,14.2510752605824,21.899679661391367,86.91111646217846,6.807303645341749,109.60088710935695,orange
12.348033491389103,68.5976589933974,18.490010385085,34.346889490187515,91.9675975480503,6.0036814274614905,40.0085712508885,mungbean
87.20215105087416,27.554140130258073,49.27438481558181,25.36326101464309,76.4478465779276,6.164237596275026,240.54868817426077,rice
60.554768586186185,56.05727995846444,35.41450204751166,24.65227555804605,58.5007907315477,6.218860246996147,74.51824956696855,blackgram
24.36871384665143,75.90471991138565,12.509429799637651,23.374275762891347,52.599002663077705,5.864416505573457,83.99834363001051,pigeonpeas
21.600282097932073,19.071086435258874,22.27768037744523,27.295838679818296,99.40698144869685,6.683078936938895,194.26025876873047,coconut
16.45585274608086,23.223843093743874,16.34044620270004,30.872941185528656,55.255068089923135,6.134479246272347,97.16435203261065,mango
28.2378568203613,22.703343567308977,51.49203137670543,25.67918139750387,86.90864517144094,6.999588664976349,75.68988687642197,pomegranate
16.028590978442885,67.14905029575084,11.997593518701471,25.952218282971682,64.4756276657363,7.13075412423946,43.80507051774751,lentil
29.431636628733187,56.025070291453375,12.057225537328483,17.410504738805678,25.13586399810611,5.267649098954603,58.29913500277259,kidneybeans
13.703984132219663,22.392626143413786,16.430995133176935,29.674655726642612,54.212135773983825,6.937736305483892,69.81365004004809,mothbeans
52.31875134289304,65.53076787025245,82.98696318410036,22.026005067864517,19.42226719624211,7.687090074980455,88.38847353293971,chickpea
7.812864714479984,73.18184882784502,35.56866079373292,24.089252233976584,62.88796406185763,6.432899232960633,58.98811665322297,lentil
11.693656397227844,28.3493413296376,39.073736241326785,28.98394921430159,47.85517045580486,5.278653356033594,87.23285782097605,mango
22.733414384646117,54.87561147799477,22.415596886313477,26.71937436243709,60.98943845825377,6.512418817730321,40.30976060974314,lentil
18.262851095389486,67.77344179720215,16.0420125557943,19.66186051798597,18.085030581679664,6.048148957572543,111.05555155091498,kidneybeans
16.205065484748012,31.17020744363271,28.263210207515932,31.7257251850446,40.8219246140548,6.048997049295964,62.17629539551167,mango
101.59451760986161,31.643735254994773,29.310856046160076,25.25167336325859,80.40099608234861,6.9918514775389795,78.86443445722513,cotton
12.421562556348466,127.80239335049346,188.7141584838285,19.553881561691448,83.53501811812747,6.081161332429284,87.24142779253027,grapes
115.19284312222827,85.50587886863175,51.6609486126021,29.761262200698948,86.05662597380069,6.463217878662449,114.1335971956452,banana
24.492820105632248,71.95091537320786,54.49259374026023,32.606968696339834,90.68835389941671,6.321229737577246,193.4512024271623,papaya
17.119126812734816,129.62018072844194,182.89787843678312,21.967134853830096,88.94599652932688,5.84754220517553,66.45119554308621,grapes
139.17174322008992,35.388730318721954,21.65140943093362,20.72769494196492,77.21063277964865,7.010727581476893,75.77274018273776,cotton
72.641937174694,81.97658611813041,69.70489965483978,25.602711608253838,84.31899007206219,5.808039036930015,106.10478518577733,banana
114.08423260894715,10.216785553801571,47.385153867625775,26.494283512295695,92.20906813718327,6.841474668380598,17.567779830975272,muskmelon
121.10011313441464,84.73627274534611,54.347876262146585,27.26325862285835,77.47262509001749,5.999326875802011,96.14819524021267,banana
72.8053564923537,29.001077384690515,34.09656265453354,22.071681800921134,72.81129598121095,6.746591538890484,188.35122348759901,jute
110.52609954096602,44.1290582894749,36.929167816654235,21.739417258927865,76.83868664711082,5.777764106199463,194.44810747076326,rice
29.237504125369334,15.184284569403934,28.76377730450014,21.227413673877756,86.3350599956851,6.907578056573251,105.01060415066199,pomegranate
15.105560932321634,29.53003822809373,17.771233817550364,31.433780016482142,87.99417086328035,6.708123202624162,36.06078667420405,mungbean
21.768792374145715,127.44288540818633,208.5547259245515,23.63998998054973,93.24364507092508,5.357216540578177,109.9320920965236,apple
118.87934887193742,47.2657580227517,6.284173672506773,22.42189376837066,82.02383256324627,6.934288910096514,33.99178055984127,cotton
40.4286360995977,79.92182502156291,49.17783205880043,32.31752646073948,85.52225475976029,6.8305163298215295,117.916151047434,papaya
81.72486098959739,56.65307535547177,33.17915198082663,24.23848032763667,66.71637508828482,5.624567745407217,82.80308143960949,maize
10.451343418541045,19.710477637098656,40.07365937850373,18.440423471169463,91.43200973677651,6.4585158184434075,103.54826105385567,pomegranate
36.94209534348269,76.5268287748157,31.571159975606157,24.649461889369213,76.2893373931942,6.631421925589492,47.45812557990519,blackgram
39.59253642182807,73.6797993434826,22.609835084174666,35.68938534558491,75.00887585849743,7.679573609900341,118.40154684645788,blackgram
24.5312694191798,42.04296724586594,35.418958041841826,26.957706488541415,85.66259692914029,6.505153675840949,67.82390204932007,mungbean
22.668573505447693,125.71925371864218,203.73063095375127,26.37452451583956,87.77570733097421,6.166442859313485,53.52124221902696,grapes
122.31921903695229,90.05244629728023,50.35150579390509,27.419437828534647,76.23246340285873,5.420732991478937,82.46403284480118,banana
7.677164993212715,63.87836099889416,32.489492265411855,26.25296746078259,61.06999553404016,6.075965385409329,166.4937660246063,pigeonpeas
106.93276656859219,26.475646608527335,24.5124414908216,28.979538014751608,59.65597616711735,6.80980676781537,176.90691068637724,coffee
21.948801703671947,12.987809157239228,11.992399110700104,16.139786422811877,92.84629314938728,7.410996905258994,107.57768105821239,orange
13.125954745788352,18.739196783607408,15.319058383127533,25.04716056093773,88.00527092886895,6.614659020919401,116.0472795250397,orange
17.591171238915678,36.494994318870546,34.63275122806991,34.12706819717583,54.96281092162263,6.764133795513363,83.2352074468637,mango
28.856103469492847,55.16419503073189,14.495199380157567,30.431358613638412,62.42381897089492,6.840632750012637,68.92798213984926,blackgram
38.18127192714665,50.05355682251457,13.795124165907165,29.231106108014615,82.64995640492326,6.142353662498635,56.41243232246528,mungbean
101.9588250246083,14.315671385531548,31.049459636132948,26.908794674295027,70.63675335094018,6.532483519941141,146.36367108677769,coffee
80.24518830598237,22.18267738476454,52.25646925711189,26.61522700256219,92.98305106108383,5.709446705911686,35.70113874221119,muskmelon
30.804572181721092,19.723797896423534,32.24574163989972,30.31722313775665,90.10006140118378,6.39648980962386,163.09483253564122,coconut
30.013340982334668,26.10359988616557,34.23342245938549,29.492729418952397,95.02201122749337,6.793669872330421,193.6541308373227,coconut
18.160576219312656,18.560673110206043,21.109965970409867,26.430371930618097,96.57583161949367,5.987428499709598,184.52036285903674,coconut
24.009666616913716,49.1810346500646,0.0,28.53667513511554,58.1372236183941,7.022964174169227,48.46121080687131,mothbeans
65.24154569391612,38.25787538275491,14.30130348469833,19.48196148536423,80.2530630182085,6.348755535592778,107.16897636011846,maize
82.33143991502699,48.517564083992035,40.53155347577867,24.000253179274242,78.39220983228576,6.558247130836654,226.10853606346043,rice
105.22902932300894,27.965203205247896,18.70320246732773,24.18034950040917,54.25580168768101,6.877405409212473,162.13831404736055,coffee
19.473369690608617,42.36125323447541,14.581616463463748,29.286243362360636,61.61982834175747,6.6283721190815665,61.71021634888666,mothbeans
104.16405492517842,70.49327952607003,35.94730734550668,18.189485878139443,80.44758011902029,6.256888525079666,222.4030463591097,rice
112.75920384353692,89.49220896910919,38.90740944095489,28.953965461357264,79.55613160311223,5.605203457728985,131.72769474863844,banana
123.03112283838604,35.7266464378148,12.980775675491833,29.05851895723854,76.1826314614466,7.156360868085002,61.10657339637395,cotton
15.659808960605305,130.4729752070081,192.12904139050704,23.413452439990266,91.7078602473887,6.1740021511213605,118.78876770634966,apple
18.474827641123387,26.28791578708738,46.14267968025247,22.371194742530587,88.39027648839334,6.886001607632777,185.5164808545453,pomegranate
10.924328574031925,26.689954687640967,29.410184968362667,30.412677363677705,43.26071174242577,5.973062461031876,88.65325770465661,mango
88.43407864971519,25.025333071101404,6.541388145671785,23.841165164344588,56.28098750481992,6.856012631109957,77.1206402528694,maize
25.80566386654978,72.84954288687918,22.906104633980245,26.710350644677824,41.91632504095982,4.951032240749252,161.88746183496727,pigeonpeas
111.64213158170442,10.621658536604848,44.54441809425155,25.033939809808544,90.03076124521735,5.840372983717389,22.89459302073221,muskmelon
21.931617276819434,79.40812598004263,19.6656221769959,31.013905163510657,58.79315656432121,5.784276601155605,170.81415739795642,pigeonpeas
16.274701179808158,13.371452032995029,27.583231746497784,26.018445914486467,93.96657424195266,6.376316729538652,144.63928052712163,coconut
21.159754962462618,146.44186283473138,206.21602377518784,25.253060124003554,90.17084022996009,5.9172290020062395,107.9445285847067,apple
5.802784505302091,26.265215398199377,33.67795759559058,31.15604832778698,60.75259966138836,5.4712772400341585,54.01917739619606,mango
44.009383542339904,135.1650175741442,192.58029405664342,20.974510124080076,90.8604949171471,6.339103795831075,89.11158670875841,grapes
93.1992145878586,48.074587403701095,21.963243387755384,23.669846191672548,72.52007514613882,7.021720429856649,85.32627268278891,cotton
65.97252760146002,81.24803959595914,62.173412814071916,30.99165967041748,94.5419361254175,6.984174071593838,193.0073726308047,papaya
9.339780706125058,140.00541929379838,210.0,19.110772361132742,87.11162497608241,4.9851729937017275,61.995700547277295,grapes
106.0632270402846,76.61026491720907,40.82076194907668,26.985367734610104,77.79210932326002,6.620428561862278,98.51545500149616,banana
21.983384036152046,30.54644193004806,33.462615238347496,28.069570709154625,36.832130445330534,5.904955374612292,84.88161917034697,mango
32.765963723910325,17.182140499872517,31.80434495016416,26.633625965408317,96.44374586017723,6.056087744233656,208.14619207721032,coconut
92.89337003302357,16.347471036555312,63.08144093506049,32.41904741177042,88.7281960185033,6.935197506788708,68.59712977772499,watermelon
34.38664543365167,2.3203833339208764,39.03790138107223,25.37006655274879,86.8599183789325,6.314864475829732,111.63477970111079,pomegranate
33.89856778598992,122.64259169002176,196.18460683549878,21.21493262752915,76.82794098154311,6.450961090825832,68.39977253001227,grapes
45.1478423696241,53.16278672234718,5.830130488240156,34.97822840250596,59.86058656233251,7.04505880523219,60.83968269513969,blackgram
19.22352699300687,62.26326976900034,33.67627692501015,32.43498730132069,88.92596153364809,6.197735917481771,53.84594181390804,mungbean
75.1242286493689,42.96218138875452,8.231078124920877,25.01219467350746,42.6871371917517,6.524197005619357,47.6973541131752,maize
15.91633706377217,62.81735594542127,23.838712295217732,32.11952475366594,86.3171263082608,6.732555134570031,36.76082618867701,mungbean
85.35743589478578,34.407033917704325,23.81859835541455,19.238427932637713,62.158156384371736,6.433352873686748,168.02970855556094,coffee
24.530256791383326,18.797377660374693,27.021370290078394,19.08755565204854,89.14515906421079,6.186159903893147,104.67844330946303,pomegranate
23.18389531572229,21.31041035992933,29.006953040687613,29.362963787850504,96.89519023233032,5.425226771719671,209.73050919140604,coconut
96.21725913288044,89.14951891039996,56.05932507646797,25.42328405825346,74.15867815340974,6.006305475900717,116.22065594038818,banana
21.70784490951226,82.6957069576151,14.399842428364687,22.06953687275061,64.580433868036,7.040365187924041,44.14903807124687,lentil
41.57676412841249,46.009819086016414,52.04163015323827,31.337797395214388,91.78477823783078,6.604488487100537,133.88922563288637,papaya
11.155033513860625,46.13706754373068,27.63067931407953,24.33415518399324,59.0384202334283,7.369424937502242,35.661293429466284,lentil
15.707586440339824,12.503994128688735,32.80453091041868,20.02105963358627,89.59101162845725,6.594084779058119,80.24407561075142,pomegranate
12.66842993017466,142.65741877436594,197.9505255702695,21.827672330689133,85.5836650385271,6.3825561065367875,67.71860060864554,grapes
21.91884830628972,16.29708812301573,31.693995212662532,28.481362067990705,98.66086257375295,5.5974670317225454,170.69246613029543,coconut
57.14380320356602,62.698638068883625,17.62719521299944,31.564879259494067,54.38921065560524,7.011646717379656,59.796949804870806,blackgram
64.06069595439507,40.85526934164142,25.071283021869938,23.011973164799823,64.7216798149467,6.535039621101095,75.62896342755975,maize
96.36252796760891,9.65287485625435,20.720780497779735,27.347242468780983,60.781331116381814,6.370325221214957,173.69683923662666,coffee
17.268223698788745,71.95377147860648,4.534698291250082,30.28030676665251,63.34582269158485,7.151912928984737,51.58964702609174,blackgram
27.067297392724722,40.23248846393679,28.748276705730134,26.798113240689965,44.653198531061484,6.586849205993099,10.637498337478746,mothbeans
79.20109287394291,55.568083938882936,38.01353082176248,28.103127134179356,72.53972076256478,7.07974953207921,177.9679938883262,jute
36.15449889982083,66.61378189891708,72.30148735060584,19.693846068230094,15.50331046124139,7.468845726038575,79.50256134696018,chickpea
73.36196432161724,59.55045576270712,41.31485816805452,24.774686469968085,89.82359010834952,6.219114761277915,192.35511616300167,rice
14.447653409138866,46.78649658075362,34.02118043640751,20.47714092427593,24.849479906373823,6.18709015471179,114.41770903858504,kidneybeans
21.99696069313881,10.33526759727011,27.591269425298478,27.179274149803376,95.5330298232866,6.075504993408528,174.96488480794213,coconut
83.26777434560431,53.00719519294058,14.729713171624024,31.315512367650324,85.66237334021817,6.620854518504133,157.03805924597867,jute
18.045369158563766,63.36235895877798,16.579485083263002,25.904222263245,23.77956015649721,5.614479823459426,111.63741935415699,kidneybeans
24.708560125101712,21.542266248361127,28.872305108075864,29.754885673649362,29.026768624766568,5.849293292060618,91.3527808139442,mango
22.55474771585365,10.39412335613897,25.406727231309016,27.343579230399243,97.39996836090326,5.572639804851316,150.2201881502125,coconut
35.44075626794735,137.20118346177367,210.0,21.646554086528056,86.37825044949474,6.268936739528649,98.83626540824918,apple
22.433203569489415,53.62406004637311,11.805901325129092,26.623515741728724,53.03650287524054,6.430759385206879,171.2468702169693,pigeonpeas
58.5320590296371,61.43190755791358,41.38824885340822,35.802206676497704,90.40618045414256,6.389054575442512,157.1736940124202,papaya
107.38009260682526,92.59804424931367,44.2362475244956,26.139619999776176,74.62931326380048,5.791381152107439,95.14862996076485,banana
20.86263317952684,131.4861694088457,181.81108604609148,20.257362054729935,94.11055629066213,5.916440182961634,105.45118744876588,apple
43.074107664940236,66.74611847501205,16.902025131704427,36.33793583431409,75.44008391077139,6.811575154080483,63.07492901531676,blackgram
14.936206102067866,142.9001109861183,204.22980738356824,21.87708770670211,79.70724620287046,5.906152784591641,90.28934831713774,grapes
105.93046466608388,35.131429215717624,37.5472215405789,26.332012728185234,84.1738303723331,6.211921964384951,224.64708141935836,rice
35.98706112650764,3.0155162265572866,40.27584994735759,30.309048075291653,97.2974524887845,5.7678118122515905,210.67255179349354,coconut
61.536297947759934,65.49912918321618,54.40110703265618,34.238478921469316,92.8326813486645,6.863038822168654,156.88406459160507,papaya
24.256896548324864,28.373899258246272,39.69383273689607,30.91284354646915,96.67747543901248,6.117242088949412,162.8146055590716,coconut
18.17193081256219,85.74182223503769,12.676890770542212,26.22848201986666,64.52265215551577,6.768903033333295,53.58778408561056,lentil
124.43221854605383,15.132130577018701,56.73173672156358,25.252701117178177,81.83942353530152,6.608325662752406,56.05799434200298,watermelon
15.892185395054293,12.061866902738842,41.725071883850745,21.040205574654117,89.06367170767942,6.81104174456047,82.97171577638433,pomegranate
15.769935211871985,146.44246258145623,202.26901015962795,20.61127081231422,91.59925421007786,6.487880182822375,130.17741766568932,apple
29.03585850358336,44.78464215346072,11.538761631017081,28.974554975533135,50.387013331457574,6.7219682495890485,45.62339421270382,mothbeans
28.605644998611155,71.1183112564283,12.423497383248385,24.93373826206991,80.61121967235712,7.342479664006596,60.50826380435621,mungbean
19.984652799927566,68.0346690081667,24.09210961535353,18.424970092173076,19.01402845041463,5.667022986264092,79.56104004175086,kidneybeans
29.717880359188833,131.7810158621433,205.0589706000291,26.0369895772273,75.77342245474931,5.630661443016146,91.20529860583241,grapes
114.59938550558333,21.45532922211253,53.29041787810926,26.61958958342982,88.68007721571647,6.203360797389441,56.78350475174532,watermelon
22.53928359039537,49.167600878725665,21.365016668952652,31.931288502494553,82.00401132483539,6.588672976115336,29.550684610480303,mungbean
20.347600194811662,50.459473093961705,19.770573698601606,27.842163720833835,57.90435367816629,6.528959601402749,35.78470496541237,mothbeans
95.38755264327858,45.3891320690146,31.54954672030849,20.748903517925818,83.72302452375179,6.589640017182582,281.49324446420263,rice
27.29721916781423,57.78005460263288,21.794315195335397,14.181142713780803,17.777721175586418,5.529501321054553,122.4638820035654,kidneybeans
73.57329461111601,12.013753539242515,59.147117138182644,22.71592410022787,92.48871939066814,6.157335178015364,54.04089666979746,watermelon
125.71344527442326,23.999891837997627,36.83060992565211,26.571413338411034,56.68987273037638,6.888662037163757,203.81549811348572,coffee
70.7050109880708,49.7113629339993,34.665476528352755,22.765085033351372,88.8132131990167,5.879706973743784,133.48878676282038,rice
62.65322969126393,75.80830548761419,53.22952399046837,31.216928164897546,91.51401543203647,6.531831713994965,135.98875867099264,papaya
28.86678062304031,41.80682675376802,24.72248875644239,26.016529814159075,75.77060562686589,6.749323761776983,42.34951344341087,mungbean
79.8211863716387,19.81689653372133,44.407411801302516,22.376500142473652,79.27563637183077,6.899971788527475,24.4140195359358,watermelon
82.37809536615072,51.25590393967337,36.90653460279761,25.370325712672233,78.69037029466675,6.218473076717465,214.73048424006683,rice
31.937181793153158,46.397565624078254,84.68870031306675,20.63596978590118,18.158302221182588,7.586068197091467,71.75735274161455,chickpea
27.394146791086484,60.00856166971528,19.96128746703235,25.335638130741057,61.798137520753144,7.235883974623987,47.787502494908196,lentil
18.230588013790978,5.571859662037545,55.03201414030688,24.386473388767516,89.87464356937826,5.90992629706754,93.27598646842053,pomegranate
6.587279980019359,132.80700039749308,210.0,24.394247994587143,79.17676766894051,5.296771735998554,88.70458591596207,grapes
82.11980248898432,49.90921898321919,53.92860133211181,21.805785761163087,76.01058860720785,6.710624274392409,156.75331042676896,jute
89.84766832895525,51.953946150345416,40.921474880345116,25.916669267281623,79.43640197887693,6.8607449062869215,193.15907127383758,jute
123.86809545962714,52.767797779381176,30.689491019773463,26.17814079987063,80.50157971079355,7.072029278204016,65.2992433087732,cotton
114.41823612681738,17.423472592428336,29.237043765083367,25.083643124500043,88.10786386209709,6.4458919773735,45.829966575124615,watermelon
17.50990602282075,15.971879001145384,31.54010409704886,24.90180801532593,92.58295568522742,6.373827016356501,136.19132886601946,coconut
100.04099060810215,37.42167243320123,46.12365629823587,28.970375485328116,100.0,6.477636651801272,23.458955685791867,muskmelon
47.805411094965,50.51642162029619,28.93309810318992,27.772249080169452,53.77847458077528,7.737974729336279,66.78783224943524,blackgram
10.707634376613262,17.986708270126154,43.494569236493284,26.76786584150863,94.88384208056881,6.416302984431391,196.95573345541115,coconut
28.530372717335702,69.28803217833911,28.05109409566648,28.762387877035966,63.378808053598334,7.249376141286227,31.487550461032193,blackgram
28.764179291966478,70.50433510934785,9.527239580896115,29.442968623184775,26.62499403919412,5.788588912121394,189.8284869290017,pigeonpeas
103.55436402439614,15.582912960978893,40.45115388692513,27.563390222911988,94.52615200668454,6.19674595524023,27.517931164825427,muskmelon
30.30199604884926,58.236340495106695,71.69876308397224,23.506087755529393,20.747285077032817,7.460616248257584,82.43202626241943,chickpea
26.44880173440109,48.52222858895529,31.74465458132238,30.14606700532732,47.610899652137824,6.222556343830561,123.20766446352128,pigeonpeas
12.849476052384677,23.85624908706185,37.942711029570354,31.644628520831198,49.20248376090024,5.226782092012528,72.14583080272581,mango
17.900424056855012,72.18449368984922,21.758536623118307,25.747057822101368,69.49024421120973,6.50721107775374,57.88319797245932,lentil
88.57620974855261,37.32760535789046,51.64542965043535,24.709859162157464,76.94728906006387,6.58255504528098,155.41756873712757,jute
83.87919901738181,22.869517851224284,56.7935417836632,26.60169700992758,95.64000194882786,6.408442775554034,30.19808588316108,muskmelon
101.9336002214185,13.417322703240359,46.421952098834886,23.016184291680602,91.92669129540103,6.7596374026490205,24.459406198237485,muskmelon
32.45289310278528,74.5953259975856,53.18885864245497,26.779600930023925,96.77563890746484,7.088885001687996,134.29470791467406,papaya
47.65955452726233,52.380084761730096,93.08791923305759,25.63192263217972,16.38958056014304,6.322982603677037,59.03854133510354,chickpea
80.20330997268414,45.08509469145791,49.05815385283368,26.362063087128522,82.10273535599018,7.106360081112165,180.0774579897145,jute
88.4005643049101,73.10178363781351,55.67446430370459,25.753932210164574,78.65711041122303,6.350562009894863,94.11795636771976,banana
110.58953380078968,22.65162125423735,42.74247638417971,19.014305118649826,82.15543701026037,7.331206017453205,37.64067249348774,watermelon
24.728852115444454,57.579865751102595,9.16953984362514,25.60652254706371,48.915264392388615,4.963922248783303,109.77942483114774,pigeonpeas
66.34437502177481,74.47054201566759,41.76108455298749,27.15664138347786,78.9858601817,5.943411562552046,101.50560939787722,banana
120.36866135573764,46.198847098626906,9.721950278311233,24.794268333206734,77.35244283788984,6.505609095804325,105.33484983074723,cotton
49.49679902816359,57.14692407364267,32.88018399819101,25.02482110152394,77.92344218542877,6.693395751237322,67.98176181434091,blackgram
91.5531305868936,8.760896190599237,49.38292652126149,24.608300629730955,86.83165063563699,6.262213129170074,35.58897507651139,muskmelon
72.08918962681753,51.06562293882237,48.862567628921845,36.135127629784364,91.76556499456768,6.9378354034951935,164.51008993720956,papaya
39.88882142710273,62.256558915227814,30.96435212161388,24.080380329358317,73.48872206082063,6.624608435653682,53.508934517075055,lentil
22.64551934843937,27.806051589788968,17.98031403860801,25.123413647971248,89.43945948628797,5.646450015225135,44.965443162213234,pomegranate
101.44317185165423,43.56928978180866,22.739368538827456,26.61357274234361,88.76676496304913,7.327615836651579,97.92977247347768,cotton
9.650920912085024,65.11385121230506,30.554003171219037,18.398819457315106,69.48366219967043,7.112870463938062,69.63070980186595,lentil
89.15054311549478,24.18945905984959,49.10764763533921,26.323227040513487,79.01780193026502,6.428668977281605,61.16753379924144,watermelon
58.2807455539811,42.70707346447692,7.257645922227779,19.34848805312469,63.814288368873086,6.8595065988706985,155.23027153073758,maize
21.959513816355745,75.63508928451526,14.783403444777644,24.48636888521254,49.81431397950362,6.107639845132727,121.15627252575985,pigeonpeas
23.49287000599681,143.2042562933271,209.9679268570087,23.21538446587277,82.87602928202236,6.233616163702131,62.24052461094707,grapes
26.623506139577657,49.87141986770216,9.479563127699365,23.75449967955246,61.98047896119479,7.397992089190884,54.84363845607084,mothbeans
101.27174929601216,94.77259557212047,48.82344341213518,26.299726452050734,76.65408508480697,5.273165188351939,110.5156282385168,banana
45.36817456597868,96.01885803744864,18.018590231082236,28.642624898851007,70.94885600079746,7.758133067279185,85.54942119981443,blackgram
19.677260907727902,43.048162534777916,3.8204235516521656,27.517638147583476,44.41937330428826,5.347082408923941,152.29364032905178,pigeonpeas
9.43661482524472,42.63074501273979,18.047130251823187,25.734538307354224,41.48703873639855,6.010687626988115,163.83105999854203,pigeonpeas
18.451380247530523,17.279917928611045,36.32300378753673,21.419502285044945,87.42434315054487,7.4627237965880004,76.81333509069368,pomegranate
23.420809442836934,27.5333714849971,28.12802601032633,17.063999956266628,95.02567565543053,6.5095953891492,100.46989508040421,pomegranate
22.472018848685607,85.32337024710338,11.810817906400873,27.81282773357562,40.00342577702356,5.626497639577503,148.26433922413213,pigeonpeas
6.757019968102522,53.288274933846125,23.02370100827259,33.723845480040644,59.78298631597874,6.588542872088748,62.27105139911729,mothbeans
12.33469557651443,10.641316312535603,28.61485624792637,26.6495080754856,98.90649281913763,5.868228016947118,221.38020429670632,coconut
82.96339140188283,14.163127873460837,37.539053301181944,26.561900254763575,82.94286555686865,6.249152846267315,38.90068316492392,watermelon
25.944543187566754,67.12628729506834,13.455355584094336,22.09429790663301,71.7028267909451,6.883141274514924,33.44581336323294,lentil
2.0915383503703175,22.833102271819033,17.79263874767574,21.507328588194902,95.89847884016147,6.890297432182713,141.9848231815574,orange
21.994545818960802,25.057581119545418,42.15104234421464,22.666184722326943,88.73738516463754,6.446325073168837,92.35259227168355,pomegranate
86.29402242309465,51.04102749563752,48.240057137416855,24.231833592794413,87.54180384142367,6.9691354050386884,177.80586704604895,jute
83.79327222454849,39.960422585893895,33.71933916274626,24.934358502910317,79.99003709935397,6.522052194489176,240.9281609140849,rice
14.64763900660942,47.201536358942604,19.517485975089972,36.98871728619443,79.61386062762621,6.791587974265756,55.39809290961364,mungbean
80.85136633123741,46.89576203421771,34.69750987563681,26.879431373606486,77.49326662999519,6.82312674806508,179.8832041258151,jute
22.23430769811837,9.080324047332697,16.717977006637128,27.774810429310676,90.11643736147785,7.494920269092477,62.35735655998555,orange
21.1297838770765,28.12754867318879,45.543913351736336,13.201396504889285,92.56521485902931,6.176739285641713,114.06160149375526,pomegranate
13.538240189205736,150.0,203.1862656780525,23.39274872101475,90.61436219858923,5.768932246101948,132.511167114354,apple
35.13735064319685,52.66492816749508,24.57916086423482,30.65019870679728,88.85518108379902,6.534756018881314,51.27063147565761,mungbean
74.30290232315157,37.47108082771379,31.056539539224712,23.02121398493088,89.13742641842252,7.318693337743761,216.5624309983941,rice
21.920572101136642,45.07295835578513,26.05694694939556,30.60610802569505,50.12270657066154,6.965153656088773,67.70790893617954,mothbeans
83.32671128413587,54.39575108208922,31.716481652219876,26.947570974875294,79.86807069341687,6.481719951220353,199.0805834915918,jute
104.85812704104603,45.720529862011794,9.85198874167123,25.930672095002937,84.13451449436204,6.890421064580256,85.43306805985523,cotton
104.34387615438204,35.6904701545361,35.69731888591242,28.700415567644107,76.62758638362328,7.081171109342777,148.46768621488113,coffee
11.378109135621893,52.242481374551886,20.154619389339118,32.20109775064399,53.05387627281298,6.415678597519267,46.29671216259076,mothbeans
22.718468595923444,69.60218639435064,27.954803744994546,18.248154605589566,28.05080997650968,5.923765135903969,115.60460681173831,kidneybeans
47.298287890155294,78.0891454208277,97.10394732164366,14.121746534120451,20.624273357781,7.768842539969423,60.86380038522672,chickpea
97.5687064020098,52.5086898873126,58.206461576468016,26.192324073415936,74.1397987217338,6.3665234135509,183.11971229620735,rice
14.617890973225014,66.07473430476742,18.27228084166937,21.50790679019468,48.815317975735525,6.675628399648385,50.31790799544268,lentil
48.91897575507095,50.297843779025214,24.888449069906997,28.938513313481508,56.53090185637043,6.266157698938373,65.54347318618964,blackgram
30.297361940064704,42.64970545691625,27.417811885510325,32.08270476243116,76.78376515072267,6.944937968039381,59.50213504536127,mungbean
102.90761191615765,83.00334289837116,44.24006097766227,27.651037605678535,90.14322918712296,6.484272763585423,111.07836044449273,banana
19.487812339469322,30.167629867128507,28.45932273745791,16.571469680064396,87.53513101609774,5.846155620786275,77.34530211143445,pomegranate
86.19098917393983,49.308210030078826,61.41647600870461,22.780754950846152,79.43878635464232,5.993113635876061,254.63917690301983,rice
97.07292690822463,6.217681998555516,52.572759150908745,25.16791076073627,83.4616760040821,6.936822810050523,41.19481232396652,watermelon
17.43277140005619,58.25217591151347,15.833052843337821,22.792231191736178,60.303804871463605,6.342686997857841,65.11001960406756,lentil
30.52189302995425,59.99170468677206,29.644324515842293,24.889018286023845,87.41317749727888,6.4569883836178334,28.211204023689618,mungbean
28.47802888654588,33.01889658351953,32.807000989416736,28.600015924654766,31.79821162161459,6.62974695248408,59.80921731384411,mothbeans
90.90663319222045,5.379906263944642,59.65341292314063,26.10461598121872,95.44943481159608,6.411388316443771,26.358070896442428,muskmelon
21.923200688425275,14.691576038991311,30.91980140450075,27.675593749273983,94.82993255770768,6.381474746737198,206.48346190529966,coconut
17.94981219930891,6.929228049235311,42.767020176048845,25.92579052756109,88.10366087221213,6.450900812118887,120.12973429843278,pomegranate
17.432161276930223,65.0518644865902,21.56304732751039,28.447251778419933,34.434001490608864,5.12875769609922,118.94134922991412,pigeonpeas
85.52534919050987,53.46583985843404,34.290563384782054,26.441291069898632,87.34235777994519,6.516439010068584,239.37603570794784,rice
41.762926210964594,63.00120412901693,18.595543713162886,32.913776257034975,65.0296428063798,6.94200109148073,57.83887101895364,blackgram
19.454373060976017,11.061648388702416,16.690897850231593,22.614347830898495,93.89240280027344,7.466635491797769,138.00357071588746,orange
14.141149751883058,131.48222633952082,199.94279819828043,20.437999106172413,92.99429631210965,6.1829756064492285,155.4541324723984,apple
21.66913525189606,50.02318180558355,13.509629321706008,27.47521035398848,75.10667166555322,7.070550699133299,38.751848883934,mungbean
25.87811251836864,7.9152478496011405,43.92026611059912,21.34304732946179,91.5085299372441,6.588633923138356,86.32658431164197,pomegranate
9.750767043663101,23.651143613458682,61.86708160931873,24.231803711150064,89.87384487160894,5.94637254423067,77.75875646831089,pomegranate
23.060565504726014,120.14678951993544,187.41136537365912,22.00388861959332,95.5962378084634,5.989841038699566,96.16680587235936,apple
22.07543550095727,52.344727725315614,31.160848979334965,22.568380113165404,73.40426919925201,6.8507278816964385,53.33895238024968,lentil
15.869619225107932,76.00370680697223,25.404853065315827,19.680987534696772,19.712394005451042,6.029344988069178,83.9109718762338,kidneybeans
76.66665954351839,30.29193705497342,29.844209187924584,24.940541542350587,86.1906328394719,7.398365445845894,346.5544986402932,rice
35.849599989495715,53.79269811898811,6.194921398842938,18.668535804641987,58.86442874403504,6.7518932585359,67.11898954265554,mothbeans
60.688661280889534,34.032144215453606,58.36913528321314,32.71520150772122,76.14216685587328,6.215875521605985,243.66222203762038,rice
75.5079364319207,40.1995617182511,28.05997344069999,27.805402579464996,87.8365455306494,6.284518818102327,147.3980224498263,jute
6.124913900408792,66.36873320689385,23.903066736156532,29.106792168418306,53.671707070196945,4.933705489529695,102.36440752323857,pigeonpeas
46.08682412913788,66.67651464726701,28.913376496704235,28.727311579753582,65.26597213075729,7.788630766918765,97.19463430319416,blackgram
14.290099366499176,149.16726855988085,210.0,22.344377590709684,91.19534423887164,5.760063570002681,112.03492626900658,apple
21.64898432627008,138.85465344738762,208.48401056203795,23.742554278802537,93.64967757968608,5.6836992871774035,117.88487114535315,apple
5.706187249240719,60.55878545634485,26.075081670645947,28.212193131730867,53.9032057298639,5.867477163640596,190.94111633449307,pigeonpeas
78.98700000946332,13.296481062726452,58.73335312712291,28.59093941639573,96.68172581056437,6.700382521995674,28.191718482192357,muskmelon
109.13806398888094,27.51323160502367,35.39978999159004,24.3959090933361,59.174191622102825,7.117920940058945,158.86748017029893,coffee
41.26596710277693,54.16319643193819,73.65888642661369,20.818873468326125,10.308087943380777,7.618926114429503,42.04627673763193,chickpea
12.113000200059634,40.77877729771409,17.96399157274708,20.93634815712432,83.96285881651595,6.482171707242036,57.40511720877359,mungbean
24.116260202995644,32.097219322483895,30.9389260087705,25.06844186815123,60.2166484974931,5.964409067017032,70.93361341259046,mango
66.2012237239365,59.353001566454395,21.950019843213184,22.395009413014495,65.46075561380921,6.230958241839979,87.75989314030546,maize
92.16786416095286,14.628511946015752,52.48186594476696,28.028010153629406,92.63110813996134,5.790068806686431,29.32174195267943,muskmelon
2.378458870917086,32.86238373360024,18.94123461314011,26.582679363782727,42.404942335384895,7.772381118825244,54.68809870973869,mothbeans
99.81115976174767,35.668568225615246,33.6913129153397,25.182523151510285,60.215947800642766,7.049596384145271,117.95735134426013,coffee
18.184620531665473,32.99167598558849,20.65342468113119,37.054331670267345,43.926532900324446,5.7965002412973625,71.80021120613517,mango
9.057968809623526,56.94082221382308,15.023939808786498,22.504112950282263,52.39923966687664,6.498313934493505,118.21781486847975,pigeonpeas
85.3002629289022,18.477217661046886,46.0631321607653,28.41841700755012,95.66712878799838,6.551523842143179,33.7630615202155,muskmelon
18.244077879400074,150.0,197.1884087259404,19.421032561587936,89.30462342126769,6.456008844817312,131.94603496618072,apple
71.7239525571769,57.04385953449574,39.51978118726373,28.900883856045077,92.38135327209343,6.395641938202884,151.16507854956342,papaya
49.44010706084437,36.66963277203988,15.538168900038283,21.366445490981093,62.308648983847334,6.044126834588776,111.23349026358518,maize
120.67654517165047,20.910877572483486,30.314016591600268,28.270466904661063,58.92286971970549,6.101081466796765,171.08544296964496,coffee
22.875627443639562,9.547651559860437,7.321239077080646,23.040355409761535,91.23011739363736,6.618138676146266,70.21123150552143,orange
18.913090026414434,55.05033021525568,31.37147116924841,24.228920432547138,62.6866848127151,7.092469635469816,38.971461652129776,lentil
124.40980792069696,19.250676144534026,36.155875228373326,28.914893698488182,50.23455727718534,6.569951732712536,145.34057254426992,coffee
46.830168510511385,34.25233986182286,27.012348832652158,24.080381736789146,65.29577265701403,7.129747403811656,96.71381946265507,maize
24.269762296136726,30.630341918798898,38.68714062376786,26.189138372247708,87.55361676648353,6.705638415740684,114.782286724861,pomegranate
20.090066450027937,79.99554469825827,34.643892351710306,26.278001314375405,76.0601651392658,7.206709716905248,66.5187910711286,lentil
13.331232935440829,39.451650830672165,19.277682031145485,29.843932144245468,63.041267333637784,6.954087544362541,43.31480665920185,mothbeans
11.611266841379264,40.479637463477076,21.777057940395615,27.919132490694377,54.722750346309994,7.050406566773056,40.590186111246815,mothbeans
89.99004498711734,45.97413412957782,26.366224077953866,21.211369370680213,61.603529299587336,6.142250560350533,64.09857212885532,maize
29.527128536161896,52.01846642245166,82.5366377005792,20.171364796161647,19.48171517170366,7.564495217827579,73.97157241363034,chickpea
54.337156273788075,61.96072789765324,61.60858017999129,25.340700519849428,83.32734588625502,7.1324230680201985,141.88325651054328,jute
20.71450788737206,66.50766914820011,23.39352395386426,24.601198501440876,66.65352057996819,6.321477058187955,51.91109861973847,lentil
74.42855955805476,53.81102252500244,33.49634822628136,28.450065884069137,76.27065348163804,6.785790028918812,169.2729796988513,jute
112.8590103010552,21.388696456908782,26.451917030580095,26.02130596511076,57.39675337596866,6.994772176437335,163.54569796141013,coffee
0.0,64.07746381863848,21.7061777906177,25.39586962619502,72.69884569067491,6.815896899290629,44.01213024851021,lentil
26.745404981557915,14.614670381340476,34.17080839675691,26.59063800324436,97.58345869096712,5.342307322979914,149.6619593976581,coconut
81.7929747086318,82.0921169263209,62.02378116577756,25.79571583872074,77.61653297517782,5.913592817876265,116.45656246775309,banana
71.08775066454808,30.539421456115456,40.7212950771387,22.411521872808592,83.16338105677352,6.410926072761722,294.07115565283664,rice
98.4860314234118,31.4345578594126,38.81320053732128,26.03171608170847,51.51293024706271,5.927537674107754,140.7765698530169,coffee
19.489965880074813,62.89281020923237,17.36757062361427,25.97670746302967,56.54239860576833,6.015504988627757,158.23513982094542,pigeonpeas
11.536989883753002,60.97057196491159,10.878522182810572,26.70366471864096,53.78074608681451,7.79549343994432,43.659755227215086,mothbeans
113.83877648159911,37.011335755370716,17.31688092887373,24.005168401445562,88.83965971490792,7.0218835988630035,86.68225265967075,cotton
80.97859008265067,45.26640512892864,51.11452830432996,25.186900379087504,81.87983303912566,6.138926426441776,198.58075680150944,jute
19.80236851445285,124.99155364683816,210.0,22.778469958720223,90.6230055324665,5.1503365329924655,70.02193406217722,grapes
32.17922126331638,55.08449687425305,9.82959275417065,27.68728007904761,66.99684504811954,6.335273936099398,67.16563335354621,blackgram
115.734749738481,45.686996682482025,35.21314048142527,27.700825697504648,81.29979502075183,6.943892787122443,85.98706780739752,cotton
28.21140544437775,51.874958478144606,23.92294879521506,32.50634544398384,79.72578832840713,6.479189492736231,49.895200186016346,mungbean
56.06416051714252,45.294235755849726,28.230247357964075,14.143250515827988,64.76581263841264,6.794811002643822,81.17435309484468,maize
35.667274489489145,56.42723356869384,71.55287598289547,29.916884388910358,91.51632683088788,6.735488165487065,142.28394564887125,papaya
86.95169627531354,15.693389745476646,28.587473117688123,27.46500106945253,89.55197541961974,6.3128929248133065,47.38914686083727,muskmelon
115.15645970951905,23.45348612491928,25.12179294943485,28.11363468670773,59.32973115630507,6.701200503783113,206.16302862236955,coffee
17.540616447903155,19.411488322079137,38.17584155462264,29.390304609423357,98.93561665228644,5.791195303647947,174.86276849312702,coconut
40.519912442755356,74.30521896565921,33.93894310209511,34.15345299999035,89.3772818670489,6.696193925806611,161.65170475777643,papaya
91.84571404206076,9.794632159584221,52.33626351244314,25.94185942852173,92.02564998010641,6.794395732023409,24.937834653349793,muskmelon
18.873768637016312,55.84746535697266,17.641463711239414,21.188974714212733,62.7807713219507,5.876033373479001,32.46396149867769,lentil
30.43610957692441,57.5948417949888,28.072798429872044,13.923368262230953,26.366289158945786,5.637546541811606,74.28739397646825,kidneybeans
45.48087704082142,82.72789923091044,23.639470733834273,24.444904557380028,53.92701258393176,6.940414089869233,63.1718024084012,blackgram
106.63331378345049,19.531662447732877,34.47761560242935,28.980600870459327,57.60778788427592,6.3968155911744455,181.87385640785618,coffee
27.09461063039363,41.21650121158856,24.100759947449827,28.773087163829665,48.86700190420209,7.179082108614087,55.83958086656615,mothbeans
90.89270530153938,42.11160889655716,51.696001436820296,25.70339553583133,86.0012839051006,7.020757008043789,113.38262048801998,jute
99.20222272424382,106.75418139597943,48.05239773269313,28.11231373039818,83.23154716693176,6.292560657487286,110.78974530822505,banana
24.69944094794429,26.205493473867723,15.74091595065331,18.52633607360129,89.55818395476915,6.693804364523447,94.68506830751657,pomegranate
8.41285301492129,26.533046037853016,39.86523941053069,27.297648755382337,48.04202260957383,5.6450061071366555,81.0459085872451,mango
87.98629090634978,31.334701539366076,21.95682267042198,20.399524155644407,49.023311088819234,6.7062578046947,135.22702230588692,coffee
14.16021342504426,147.5047004023107,193.876741106963,26.154768376422254,89.5863259102852,5.988969074558672,82.9065065758442,grapes
97.49359880952868,30.329727370535114,30.77614214098284,26.812923963901273,48.99850766227886,6.95874147571862,141.44461549435866,coffee
121.8284259458847,86.5790093050791,42.39908144183198,27.31783057167145,75.86225494298854,6.1681928050943995,115.30680308145519,banana
104.70654003193377,21.235546783251785,29.247626307602655,27.22579877947074,65.42860893250476,7.31940066247771,168.38590166956985,coffee
114.6910824657518,6.701582412157519,30.33380475111125,31.502543429686483,86.56186643460038,6.681765322367424,45.53872793760008,watermelon
81.7547591706572,45.03108550185637,14.001493293723861,22.05668255130059,60.526594027878225,6.064922435331452,129.28353105669208,maize
94.93128268950721,9.232486215388803,56.858973598434034,25.94125909594165,90.29615555900673,6.184703376184562,16.120451873211913,muskmelon
27.680527779157984,71.23676326479115,15.01446061252504,25.73829403523494,62.685320093976124,6.913700796637855,62.14713074593242,blackgram
95.5342813655935,36.88033994013354,28.66606768381325,28.48134891363015,59.648129991537225,6.764588399225731,163.95551215716986,coffee
54.4771298327407,81.74684666741395,21.84300968536077,34.886016991526745,64.65647133634604,7.481321420657112,59.87784399968431,blackgram
27.185374597253258,139.08190469420174,182.594572359772,22.806490511486434,92.63188318175482,6.145384994585915,123.51057703826618,apple
17.243042351539362,144.01981295175915,187.28853225643442,25.51391089634924,91.97314298068333,5.980795059299308,98.13971351070295,apple
31.99891844566598,7.79167632762978,31.358519269968777,24.156277644650228,96.86214719215921,5.585841585623921,146.60095189727355,coconut
91.86202581768484,59.98374440296732,35.411595068507,22.725678816620725,83.570386119349,6.277119249993549,268.0821461255956,rice
82.70516166311738,47.32545031761924,37.404286843788555,20.770761867080427,70.26577968867163,7.359007688198993,160.36243492251532,jute
40.72017641917052,47.04658815533965,100.47310109753167,22.358502042408748,18.484579353680562,6.661278980488174,74.21333755449241,chickpea
96.92028286023954,22.19262154628077,25.033613100966736,21.231340674314197,89.30589433360164,6.541293491459649,260.6926896184491,rice
13.280213360243645,143.2406647563694,195.1194413576962,30.747938094812564,84.07989627947367,5.59599573553037,62.49942226782384,grapes
10.78959559923394,132.89059273445696,182.80463909134215,24.883688531483433,72.47348115217596,6.0646683696228925,47.7312238385547,grapes
101.16867130204213,8.24717565720011,41.697458772527256,29.463350791496033,94.12492458108412,6.903794021392367,63.831703783045626,watermelon
13.775009265115266,83.50412322375026,17.18656496311587,30.103009201799637,23.813857173042855,6.538235441390465,201.40673106291035,pigeonpeas
32.77622287880786,49.82389214723876,30.247553670243395,24.773740730143544,45.614679007774455,6.219049889200094,53.754465089972584,mothbeans
119.7706193072988,33.13890189780511,58.73938254186005,32.62388994824209,87.38235655742285,5.831448902690003,21.427515466950297,muskmelon
52.50498041376693,48.77816085289914,46.741600031236,33.46350974738332,90.32409263284198,6.701070851003957,101.25168381991378,papaya
26.049513552653476,31.657024925104686,25.682433717876073,26.68955842487958,94.3564685700496,5.752773142094477,125.28069891462658,coconut
22.391345220673205,71.75978855806923,11.75038345248332,18.02751974454639,20.418666773448173,6.536860263427306,148.11240092531432,kidneybeans
23.937071376588683,37.84125059588084,32.671306167714114,18.030732642777533,94.89650174334069,5.921648548691386,101.06464022364928,pomegranate
24.51291754148956,23.96125882692373,26.512316175612167,25.41874669993942,96.59121937764932,5.307348451284929,147.7998854233427,coconut
89.84774646049166,7.899923839372098,55.2918499144697,27.594667611008564,92.16442957946991,6.909856462478159,34.656645807422976,muskmelon
35.73984708658864,63.19184581186122,55.952635114417305,29.80305979663054,89.21823906618872,6.75459679760229,120.87570854780833,papaya
96.1863552993412,60.076327075146146,42.65187356317182,29.554207224823273,84.68423261353789,6.559434201928831,161.1913101292912,jute
14.841117546901362,68.40440443501545,12.991524287115372,16.141071050957965,16.4114551274987,5.324644458160692,126.60523722145021,kidneybeans
116.60264431247603,68.55743819133308,28.27372562048977,26.45020174619538,81.58671232622187,7.192109533900443,95.25464146365681,cotton
19.976760531220837,21.511226858073584,31.59859757321271,25.95164363368186,36.91738294760689,5.351925565879569,101.99054535219427,mango
54.901060234862854,53.513644471436365,65.31290177916594,29.673821597123133,92.94831935127316,6.994178725442023,137.16382526347243,papaya
42.86593547293927,58.63430672620165,19.58058464472815,27.567744135776874,77.91396875499917,7.318783806006415,80.05682157649588,blackgram
116.61594829591454,29.767803148641967,23.802438082014383,20.64118159920886,52.52808556437107,6.499379548594769,183.39044296613142,coffee
22.711956083798608,44.302992547912254,15.229026658905777,21.44078067994855,60.749924255388464,7.02415485287819,47.3125101017988,mothbeans
113.07467930798855,45.015889166077116,22.70087014644149,27.216074029803323,74.52928539184842,7.163987275568082,104.53333953273483,cotton
62.20116994029791,50.15735365425948,32.37655255321549,23.858556535377755,76.47782260299168,6.465171918678423,154.02713839960464,jute
101.75198510276984,30.723368782393866,55.283203232788765,25.405438059586068,87.68189517344358,6.317379165118171,30.494115574621993,muskmelon
45.78661633815167,60.87962896331002,82.63501912615934,18.22388229494281,24.391394678580298,6.839723126514929,58.25358474472442,chickpea
109.45203171537153,23.352467716216974,54.71910004491214,18.12309587612445,80.087197546178,7.053642338602369,32.92864973477681,watermelon
13.951122862978002,19.09679637064153,31.225375258076674,38.07309769007911,55.992239928932584,5.85448771968234,102.17703072761937,mango
25.255104953614396,26.99775192396502,30.067974145105776,28.38066201000923,98.01336895661582,6.307615312006645,197.8999786934586,coconut
13.288548330675267,13.55378417143937,8.356761920552476,19.746532393896835,92.81019143474788,7.056489665362693,90.07387217448066,orange
27.089207623866184,134.2351422905313,210.0,19.912538357012316,92.57932940436447,5.858281828358398,123.7592189282622,apple
21.72558971108762,47.58080288757671,23.44843594079721,28.68816298447738,53.47274666420014,6.479492042006218,75.40649361143738,mothbeans
144.71688278767746,31.577832378913797,19.55188856253201,17.633438356465522,79.79388773901839,6.72988591794469,102.74366787811933,cotton
73.8267222909349,50.40435014863152,38.1818179204333,25.99904013049544,79.75375526194317,6.654147543420307,235.32696841924673,jute
34.43213965906634,9.907914730870436,7.531935079444615,23.258723264203013,93.85897468204513,7.172101601721095,93.072882703304,orange
20.921050940062475,74.44415868540273,21.092818264101606,31.91357747333754,48.079940295488136,5.842332502596332,187.2509265186514,pigeonpeas
16.468416983870313,142.62196602936805,182.29263971023556,26.72283957700379,92.40658838960898,6.244007030394606,126.50155566297751,apple
97.45702168106902,0.9329725048854733,55.90371544055472,28.36055152827928,89.02030564995962,6.70930809692931,12.812598394273222,muskmelon
81.14742685993039,51.16134668002238,3.136373265780456,21.542246990942154,44.55831948408421,6.218029963398898,84.88417569439137,maize
8.503123753135032,123.0252740236962,197.74501315558166,23.452621169364072,83.2635098540343,6.265286555881713,62.94678614907262,grapes
24.789313717935325,2.4326199449576364,3.3202384956144035,22.498507359276307,91.89729487674937,6.700768069000675,148.10646394909665,orange
7.962074092729587,31.582125027351662,30.81050554977061,34.21555818596462,49.524448280360886,5.82241957851821,105.18529985849811,mango
107.5200228592394,35.18711979313896,36.29318935988518,21.926954004219606,64.65814434806305,7.5434346465664905,159.33433120111494,coffee
14.67187348831683,42.49183082666206,33.2711773408905,19.562959019481937,44.978095902811305,8.165644354579776,58.863231102374556,mothbeans
105.11778885076345,11.72353685085784,45.742699294508824,30.56365587499923,95.27087826530033,6.4269641078061035,14.43874255377019,muskmelon
84.21405657535595,52.538550699336824,17.9911792957047,13.077165960061834,54.02865099198088,6.816450967051349,15.550142981785683,maize
20.055658410633914,22.21493268559922,43.03764075517191,22.62406751875794,90.81599784444286,6.737113529802546,72.45584386899145,pomegranate
6.1006245675031145,59.175741969331554,32.089092530873074,26.891633986528756,55.33450213941048,7.359543542425513,42.998162179347204,mothbeans
18.190994097399464,0.0,21.318998841670666,32.117023666208894,93.85987766749034,5.328885132808084,175.63244716415295,coconut
14.342807949138612,12.239715346189426,7.415316839214095,22.188165748187163,88.24772124602256,6.002701893559096,119.15408074785543,orange
97.10417088379643,57.2603390991068,0.0,21.730245780649273,60.68279177964839,5.323950713636514,87.3545764558078,maize
105.52278221114213,42.26085067145789,24.897260466857702,25.51435128745647,77.61400565113642,5.85543913941288,66.50304739676837,cotton
27.752952223494596,71.589495823769,114.28926107767839,20.09935343971465,19.915540678288714,7.002856092441776,33.79573357826367,chickpea
35.389017763381744,44.76077526071449,22.333688072752853,33.98423925522734,82.24992210813723,7.425870139571588,48.063876079525286,mungbean
17.923087749233805,74.69804487391745,26.994221431352514,15.05427046214759,16.72236773545712,5.8434808611253635,143.15330936673774,kidneybeans
79.17863871767709,45.139852218652926,22.692665012843477,24.699863589744595,46.50426453835668,6.533286334304767,60.44951450424249,maize
95.51861176081457,36.47841194034406,37.834188884447784,26.981961131781272,69.76911205458329,6.214011093512939,79.56934604453309,maize
25.86168754215485,57.62164543146245,31.568832879545106,29.70912364456809,84.81646402190502,7.1036447625020225,60.87611143153988,mungbean
113.4956020134586,38.87030849267347,6.193333686052702,26.573335953502756,81.2987836477866,6.956106098913003,66.12017697691253,cotton
5.991073108115222,18.02127703397955,9.912569079622887,36.18962168372987,62.219088233245984,5.957127410485964,97.7023020616841,mango
94.77572843535036,18.66942819492345,44.94284798040849,27.563455211568353,89.62845588042114,6.443204721813728,28.673559553408218,muskmelon
97.57661642073383,25.25914313208552,47.07369302387279,28.741471312233116,91.06655170856193,6.584703121969285,20.988081738897904,muskmelon
107.05210645555422,10.469921511543776,55.33471512613925,29.241522802425504,91.43179199658051,6.626324628834731,12.097680557533186,muskmelon
122.86591622917967,46.86505492267045,32.601340328445794,25.68498470106002,60.358714889722805,6.800024881844146,163.74157837918858,coffee
24.668192432878527,6.943827603031027,41.97330130946022,27.41904523217314,86.52555363823086,6.376327370835914,133.27048703601955,pomegranate
97.29897196774941,7.747849596003341,31.332037322377328,22.98822204426299,83.21798829874405,5.923506666654393,50.12373316902575,watermelon
67.35929240600828,39.43209197030124,16.13595318632293,26.26702694776984,85.54313598730583,7.176071218476605,191.8857617819194,jute
91.95734688071266,10.417324339810271,50.16105073137266,27.884043464826743,91.44242189352742,6.016547309731726,33.589212718815105,muskmelon
34.46234846163838,50.979040039572354,12.996997533388168,33.49526082695097,63.34720591546003,7.381764667422439,23.38238267778498,blackgram
91.31895673996893,17.42564345959118,53.922803295791006,22.454413257190218,83.78693810092976,6.687071350922843,38.85491780019879,watermelon
29.761419571283085,16.963006777352344,20.056591812734094,26.006960379928618,98.0651872194979,5.815916847472051,159.46286463204737,coconut
11.596640453211624,52.27636218879745,17.438074061588537,33.2786418083479,45.77213970220927,6.432368369119834,35.45272905107262,mothbeans
75.25636111484627,44.83198842495711,31.4695607242642,26.638193924588485,85.88895967714474,6.433015348780608,275.0896482787213,rice
19.85578984173673,3.058838633192865,35.19249504447114,29.795940483168078,91.27564411234302,5.631414495787036,152.94076697194578,coconut
21.8084767128162,63.92728456019569,18.625129608104018,31.53801342915762,57.474960538458866,6.066379003256617,33.46794456104713,mothbeans
90.46891186480876,9.019340717521386,62.14784476549519,24.27125286512468,81.8704688552543,7.06538960687814,54.95392905522644,watermelon
120.55424676985865,72.08755688000477,44.356608809332705,28.122784888123334,86.16610082755362,5.538569347327215,94.74910244644538,banana
79.25533076539003,27.86671807933652,48.04183833106008,23.61398450386657,73.88439300073533,7.027172265092881,188.98444592959964,jute
20.98548227273726,147.54019235332785,191.5167961045209,24.487772942745174,83.43526757486369,6.552978772750088,72.78264560210683,grapes
10.581867516685781,134.63136097022974,176.8472032311026,17.377503194874272,95.56710082652056,6.147621270402624,104.92368305040665,apple
18.821813770924276,20.540145428023187,36.049558854697295,15.99878126243001,89.44156040613689,6.533897962757117,118.52450892805189,pomegranate
84.01147651788264,33.844171450310114,37.734689209407016,26.55886279280593,49.945586937247,6.374029327702996,162.42991880709536,coffee
89.94961510672611,17.96101412728994,65.78363068903496,26.661574589050957,80.76987692233598,7.111741381642726,31.738519203540328,watermelon
17.05660334709428,7.700911994782372,4.819989925431995,20.64354665279453,93.90845047953823,7.416212578087841,102.2766365593508,orange
15.091659525686799,56.80923463199198,19.848139202553106,27.873085822982205,46.316957689215705,6.770608674209616,38.52355809653875,mothbeans
29.818329173137542,39.497926248609424,22.505324858658796,28.203909913490875,40.54627238291133,6.140484908165743,50.17866524372947,mothbeans
94.76157550728756,89.67124832017558,58.16041905255115,26.61872506081608,78.2437554058288,6.453325307823284,138.28232217539212,banana
25.144379967689286,60.92679446029004,70.77973208542505,19.257980442242875,13.029782291505732,6.760136661662264,74.68596720753796,chickpea
12.683559625648623,51.00714541817728,11.147340049696975,30.071671954822758,61.462678145031255,6.936166700564164,22.208032774025813,mothbeans
12.205384507064712,27.749286781158833,40.02123924445617,35.61897721890974,54.034468014772834,6.656508886181606,87.87253886867161,mango
14.708294847050118,128.6631201586134,197.75949293765515,17.183448598692443,81.54159202476733,6.411091910058843,92.34261871046293,grapes
16.095129797291186,41.50394367398336,21.006688441766663,26.771603342462896,44.12610293117594,6.63371840926082,55.09388934882776,mothbeans
83.22874026509928,98.4572261361821,50.59225894284554,27.414812970802334,69.94310069459338,5.761199296591581,114.22424237408694,banana
111.37254107910242,22.776569540327987,58.487096739402936,27.30526216318583,91.38622107609015,6.140767488586559,25.34183334172782,muskmelon
24.368099417688004,63.475596604872834,27.735251486094818,21.723045408020702,71.22347376022034,6.743917882333388,50.19469538358472,lentil
73.11737563752766,85.68926160926216,60.83182914845177,28.191822093524646,77.91664910661967,5.622601452099697,106.61956158699978,banana
19.91404343673044,16.271546096337726,33.094863474971206,25.365144872910037,52.78648078832704,5.212400247641155,87.32944413556409,mango
6.767470677914481,30.651025483035617,23.861382452468987,31.643023226110927,51.2092578534323,5.044421029182933,96.62163368823147,mango
19.25093586842564,23.21747142364337,24.276714592995212,28.232215546994073,99.92254524866762,6.009022365863888,194.63228631854702,coconut
28.2351031971554,138.08850558303763,195.3711082457477,23.01943801020305,75.3853152854841,6.664485537428924,59.88239579718727,grapes
8.906087275618473,4.330315229539375,12.917163747189374,23.166335160992855,95.18498951924327,6.790382112406964,81.38525484798915,orange
26.955423757892436,146.29367623128354,194.62963066666066,17.591959351681957,78.62621630038457,6.219141671122799,66.99915291525751,grapes
123.23323360363017,10.401506963754773,21.251840668779572,21.83963626657073,87.43022534133911,6.510770360699216,33.41236644481582,watermelon
40.59218900218698,33.22346531288353,27.88215664885116,29.164935891454853,49.65893283474853,5.852020300877456,86.61860585708484,mango
99.07997433254862,19.37540424894918,23.365464846745105,29.423758321975882,55.001555637419266,7.557027278322403,124.80778949322861,coffee
102.71870399519655,34.25094967593897,22.300697207288522,20.217226487782202,53.191214856302615,7.103785280443547,151.44991370679293,coffee
105.81071089303474,16.21754995236677,41.796596772569046,26.133896726570566,84.80622494988839,7.236899902589799,57.46138260350851,watermelon
16.111852522189665,54.572460507174895,24.371879160074272,22.30882454730661,61.748966282103446,6.714968461085166,60.82574316956976,lentil
24.07294055240775,61.41115611681286,10.29687492366515,27.627001537453296,85.97966032221984,7.04583138051435,43.87678686719545,mungbean
97.40944241526496,14.468231658800928,41.27403969786336,25.9899522765311,83.51441213150954,6.390387094869713,46.8733379293379,watermelon
6.218729048752788,145.84337006919444,184.38597777087438,27.849886896118463,89.80886632640178,6.694939962713015,104.69891314269051,apple
64.30720524690761,17.506745229558756,59.321195252553444,27.453018962296063,90.61972723956835,6.293214313966605,28.41751588347722,muskmelon
17.285244905622978,15.009579049496198,38.20142755706722,23.17342635049564,93.36290971268167,5.99750334013151,120.24685118862898,pomegranate
26.3892332429513,50.4978453515393,8.427430302403636,23.31565445485308,58.98132130026545,6.782453241010566,30.834996167121737,lentil
23.000865310033525,46.47577085011045,12.43794758501299,32.406725491440426,66.24879017807115,5.29217181576402,138.4712961905557,pigeonpeas
81.47502975464445,3.99784678711114,51.92878689025225,21.657764214399837,84.9644312434831,6.5553738077399455,50.19659520980562,watermelon
102.3951208331223,34.53190227475285,24.749541177637454,21.716322294824295,53.82133060618103,6.563478891327292,108.71776359882433,coffee
104.40809729732419,18.06526063746441,71.92003944296431,26.708440506434197,96.81623012895894,6.453401288882693,37.55359179664639,muskmelon
27.721072035805797,28.688444256771213,11.184823320340582,21.892800795157928,94.11068144785587,6.66900999163164,112.60119109439673,orange
54.41521675976724,28.84341660679322,44.82066835525525,22.431843911490958,69.17627829089716,6.792422018304068,240.8947902109696,rice
7.960154672770434,76.42687203977263,11.71968888639082,26.727184523415293,63.31230176503455,6.724081660204237,65.30997962593099,lentil
17.565275160656626,56.621767412223505,25.62420367236329,31.948202167369875,47.4941259856657,6.553957811889919,81.04947388099484,pigeonpeas
39.38116764872605,51.55605196716695,8.242042029468697,31.329696655134725,64.52203056831645,7.450732358425621,58.39458351513171,blackgram
20.296102015904957,142.89556254196913,209.10707513325164,23.4077342470061,84.78013937379792,5.719744452861385,76.05563800041028,grapes
21.159458016613648,133.97276001287872,210.0,25.029866670449085,92.86994149548049,5.694741526912199,95.51953816204093,apple
14.680486571258081,74.15949937148075,33.89993737641898,25.415101995187893,69.53085103256537,7.168861991280283,28.468280711738316,lentil
54.13971855037116,59.38705482359231,18.847778719562587,24.16016158593414,80.60623833505348,6.9582200502947025,77.33585946782355,maize
28.156087341317036,76.6009284664355,28.368418008383195,16.590404252341283,20.16612132999007,6.099906221463249,109.78740093370268,kidneybeans
42.188193710468006,52.10664802598048,16.319687818117455,27.44346406015647,68.71559965996337,7.506808722567276,85.839200434967,blackgram
11.91304865714946,80.04506718589226,14.711447233542879,19.5032562978674,26.32988814871567,5.953907417681997,102.36174979549095,kidneybeans
86.91479614394912,33.243532131757526,34.828562589480185,25.72603424295766,54.86786768527595,6.723827386547591,151.86117107089933,coffee
14.435338385170796,66.11857314861903,10.903767992667714,26.498853622868054,71.77388995352852,7.195578361649379,52.45035793832732,lentil
14.94214337452353,139.59458515966938,203.78501325285364,24.206410877085194,85.97269859079677,5.3718403714557255,52.0262567266859,grapes
31.128200996396195,79.21911069074125,14.318527387786673,19.80938127215164,68.67864245171862,5.973028699917,59.32184939059213,lentil
107.71089819927344,31.077193372913598,34.70769220055307,26.391649899107183,87.6951112132252,6.711042605955703,67.71381201418163,watermelon
10.836088692945733,121.05740853777424,205.49023334397862,22.85871059369249,92.31661267161509,6.108292743584184,99.62161704949929,apple
56.18787255328167,55.840388984656414,56.577317221526705,32.80290783407867,90.21347204265538,6.265608646675384,135.2046154366664,papaya
25.392185618529574,67.18164394628769,4.032739311041654,32.55816302693654,71.14022184687036,7.0751995780213655,47.89621648785312,mungbean
104.18771868002871,32.10238595964336,46.292953971125776,29.60132882157552,92.07332192500255,6.409623081225273,22.67835903414781,muskmelon
77.6184782378974,42.01209502661598,30.525918377610743,24.36561401527058,75.88888479386127,6.674867703151476,136.96170564802736,jute
22.854050322466865,61.95522192253473,23.5716881699615,26.759631008979476,48.12578502351833,6.228409263360069,124.54212907693038,pigeonpeas
11.763179240921765,40.7460574237176,24.560273568672184,22.43193793033963,91.3729533269067,6.949677245686942,58.790772861733316,mungbean
30.30952693915133,127.05876059254089,193.2248526022957,19.514319894578637,89.6497193358777,6.59708184291039,107.12465753208312,apple
92.73796112628986,41.7601522450357,18.367443879612523,21.033377540138062,57.35478877803532,6.5473353058142045,91.39767125260558,maize
26.20108556464227,25.263305834280914,11.075726244845917,27.82044504721697,96.81023191121929,5.7930659194480585,158.83903597275707,coconut
32.563301643803726,71.50818667041911,39.003997121200925,32.40170996004108,90.14143806893871,6.580926605783912,122.88451355871649,papaya
1.1646194674905956,14.431919691195514,38.730033423439856,28.793672959711767,94.74053863696976,6.5796557771719835,165.3998678913798,coconut
103.08234451488549,7.387757661624562,47.46735674487306,29.229528934798804,96.736135313918,6.291229699904521,28.406721603584877,muskmelon
33.122832751186486,59.8636373928509,22.329641609051947,25.178030169054725,15.713066276683604,5.040874200040089,132.16475328218084,kidneybeans
131.39820743500567,37.64182046170744,13.698527824379502,20.428435297960863,78.16293555448914,7.035231596286632,122.30338314086181,cotton
26.405752973357245,67.7681972933082,9.196628655556916,17.06508169815084,17.26941758528637,6.147870302677796,129.45462132042962,kidneybeans
102.71343526174724,10.256021034182904,50.725280526359676,34.31676411052451,90.94403566247883,6.218017100870424,32.85842927283131,muskmelon
18.118794827084518,89.5824360573656,31.13656736779404,15.441186546623182,24.23787051530843,5.46739089093345,55.590809028844475,kidneybeans
25.64757343493292,148.97010385044598,205.34487954827583,29.784218490653437,84.51344567028639,6.120885385431998,71.60583233756898,grapes
24.157874332072367,23.194792913793258,29.50425173465044,23.028365805900222,91.81721322295923,7.003954501830842,116.38272883735043,pomegranate
21.48082310795749,141.97688039014085,202.90423891296032,23.702704224395646,80.70604225206216,6.117697537863426,75.81763627720782,grapes
17.177494290294025,13.345164711406722,16.280787468658886,24.95356891898466,92.10520854050417,7.171162224355687,126.45950452689098,orange
21.62867473218914,12.930943320438836,44.25663812636765,17.744165821014196,92.53624942431613,6.951554679842484,137.62091087815904,pomegranate
18.021276480370695,34.380065915984524,14.264861992975618,30.272615808028743,46.19590001289772,6.182339433045282,108.45525536333245,mango
96.71888666866066,48.833771131824705,38.68862469796655,25.046327682138884,91.75506280063149,7.438490264526877,232.77524540531115,rice
48.37355447902066,57.49012820722404,60.921863288344184,33.31766124624654,92.40070674367439,6.038062753996831,122.50233226973113,papaya
6.567369431835031,20.021571910220878,39.54237935056861,21.38989887634799,90.14251885396227,6.503667949180033,131.74686451352315,pomegranate
28.84805033202229,61.710801296666226,16.629301802834405,30.914371454659857,42.6170090468335,5.881122482775735,94.65412264711526,pigeonpeas
13.38552715685541,64.79293635893767,15.31265431638732,18.804488342865948,16.24731896407129,5.7280239648466775,111.24538316391336,kidneybeans
37.79863607809946,21.025675171411603,36.63949052845816,26.515790338514645,91.72690898547954,5.550567607868328,140.76882640277296,coconut
21.603741768610007,49.21240544677043,3.854047313602649,27.75880481828238,81.65874712772715,6.225420808722977,65.20821941687427,mungbean
28.34689709623805,21.25186149990079,30.782232001006772,24.5477335379132,94.73289893262569,5.973882198003083,194.56814167197925,coconut
2.320444323070326,53.64742258490407,10.30231981002587,28.397709129686955,86.85494112469776,6.940941135557008,33.55179703396729,mungbean
7.0148369246774145,83.52367006662473,22.37128725638832,25.359183317682906,89.93363393059136,7.03001789647452,30.372143138799615,lentil
34.85401160715851,58.22490883119364,2.5157684230055004,32.861276779840736,59.86694048689587,6.779424488097921,46.76050973097184,blackgram
55.713358160823674,75.69998484998946,68.02371688047347,17.943204895150693,19.401671479406897,8.212761871096872,99.60198407427832,chickpea
99.96782857651841,37.305064412901885,20.007817732062694,25.98962288947926,88.39506223948513,6.803974373840639,62.68500556421871,cotton
28.334265297521906,69.86082893690298,7.046757547602665,23.655762881999728,66.55524701552454,6.442159904885274,41.678343237075836,lentil
110.3551024205377,81.98618919771658,45.17262555676657,26.410728325612574,76.5487141080481,6.355537511541772,76.63770532839959,banana
9.056461780945098,55.189006325317855,14.214114512473286,16.928084819199555,14.189745845736738,5.2311792935439465,79.45411758981115,kidneybeans
21.8149841441019,58.12813705195373,23.445754051759877,28.500205508900077,81.01521173359397,7.046872725644805,10.417142175069827,mungbean
117.23713591173812,33.1837405971688,15.33901316242995,25.286087470892998,73.50410003120574,6.684364922331274,71.59107125185085,cotton
21.402347499529437,82.44343702093431,9.066097502789065,31.19212976879311,73.69688158791013,6.983680996994657,63.10095199150534,lentil
5.926830019937821,18.262237954307064,8.078885749765103,20.655622750885865,92.51596624977861,6.616284723672803,120.24412028255665,orange
84.7762221210456,44.91205310514429,24.10559848861745,21.324605024299846,79.8378547312764,5.416034791784751,116.52343308907462,maize
73.5233099653818,42.56103889822662,3.2203923391188667,19.42317059208209,59.895412604349175,5.857073661911679,119.54268983444493,maize
113.48949381944936,27.382771532292413,67.74685341587455,25.391843192737916,88.81654587751247,5.9182153862388125,53.1585788779378,watermelon
89.13933534341308,42.73560205565775,62.90724229816844,24.623480860002612,84.54091111585831,6.628634827855947,229.91731890826117,jute
29.574533672768993,49.0231033380886,6.16743082606199,27.845971424965093,55.24965164738324,7.28639618071787,44.937853953100756,mothbeans
23.013146392218072,132.46660922747836,193.59345091497568,23.166372878531202,85.33688121916711,6.289809437608224,70.7902568365213,grapes
14.829313342383971,12.056633856727714,47.413665309309046,22.724675753741792,84.3575595971563,5.948625745478112,54.27139990103989,pomegranate
23.53121082127396,77.72989437449208,22.47935743615957,22.666666428620704,69.89083536206566,7.383686157073784,47.61685652221064,lentil
102.76441622967667,18.785903489398635,61.579930525795874,30.518176666584413,92.56241723332201,6.865860953629574,46.21518491079351,watermelon
19.296865088224532,17.991544114085272,15.993645026383009,24.933378890638064,89.75077177793811,6.876555212924132,101.02957214285577,orange
0.796741755820932,13.247890871013567,23.9528507728621,25.276925974728893,85.69071214890343,5.559662849618781,170.65895337068244,coconut
64.06378382210656,39.705605726339265,31.231392218324117,23.71721233724233,73.21135804321685,5.666477377304505,315.16988448113193,rice
14.98694752389974,41.15416311172145,20.791323830104886,31.01917143285925,96.43725000326573,6.09700752008849,51.78410421343894,mungbean
85.59925946457047,18.876695845013,33.102993049309966,23.5209565128484,59.65357359231807,6.972306831712091,204.45274348438872,coffee
11.19661983698129,130.13209283241622,210.0,24.43011051023851,78.04145980601285,5.268548635865038,42.179561804784704,grapes
13.296947243706704,27.696086833006,20.246940657219135,31.124831046088044,48.930017425930586,5.204202439067565,151.51653937901818,mango
56.0211016808441,44.417549271054625,46.44854305154929,33.878531279814204,89.65319923392899,6.8366097584643395,106.97184301537422,papaya
14.979451178113301,27.00526566578405,24.936842837912604,29.325739000559704,57.88203127407592,6.210462512308885,62.062150359026724,mango
47.74079148840854,46.104482158669875,49.41397636389915,33.793015405134,88.15836026723788,6.860866213781046,175.22289880678926,papaya
42.47947560851875,58.58604497856198,90.47667920111292,17.395565985344327,9.137358749987795,6.6472203874545475,59.36245012114485,chickpea
41.08825592576852,49.07033617986147,52.89360624616065,35.43448122591996,91.61468234329689,7.263566774048574,125.42755701033424,papaya
132.8019225789519,42.87923181931242,19.251000849252854,21.133607229737464,83.1676853753229,7.65030561113311,62.247402319211574,cotton
13.527205862440734,28.10832428702727,24.324876023576604,34.36024231315237,64.1164820686405,6.671341057367163,50.13267960045419,mothbeans
71.46646931982914,45.63132110633331,59.57430001917993,25.34435443178514,82.66433603987016,6.514214089727802,155.38911225813095,jute
89.75738088301718,74.62321822215503,47.28995215111607,26.433791368687757,89.37065949930528,5.842325942753196,111.88300432383717,banana
18.408250300950165,21.549679619701262,38.45132897602284,28.99287862432542,96.28283069852941,6.275557043489472,196.77651460286828,coconut
56.37191933821483,54.72065167212272,48.4122350619328,36.41298585481007,96.03773374619642,6.462854908288131,126.40602564112575,papaya
18.89694248846211,48.74927078566226,28.314028877072484,24.438030672813177,51.1105575821388,6.894355481705609,39.43760093638226,mothbeans
23.2486876651094,136.16436930583532,207.5031558931693,29.519814269975562,78.81365543745724,5.61631963992957,52.73128181516985,grapes
92.30588327515328,96.4631489793392,64.62517332619977,23.24616804775853,82.74890130491096,5.951514078110552,84.33353674122988,banana
28.636550279201934,150.0,198.3576421761312,20.16525980833546,86.13509436722659,6.345425505629265,100.99618849611046,apple
23.171894539287347,67.0864958187337,29.59783824275336,28.878909358940195,48.68100963437719,6.640226516965343,154.03133091034766,pigeonpeas
51.55673481990226,47.28770028928938,27.739730183400084,24.171735293989165,49.2888194865702,6.138095352835171,103.55072257448727,maize
25.98276155923488,132.81233712210613,193.64205455385573,21.02399819479437,93.06532241994753,6.0292884841867975,97.98049823824844,apple
28.37690341981356,48.20747523316222,0.0,22.80212681475028,53.97148685118313,6.805357790220668,48.46787968713878,lentil
48.614072627775975,71.93130095849534,57.02668184945079,32.78872929161073,93.81823387612302,5.8813387688813235,129.61722565920647,papaya
78.63215227462383,9.9940352385481,17.98860614069254,30.2373125670954,48.814761417223274,7.092923920795572,143.95230502723237,coffee
18.886917926314975,16.458498991305376,38.97764272037859,20.93272707519066,95.37761988836098,6.392135925165966,126.71072266362401,pomegranate
29.08219785322551,72.73891180909865,7.149945453636942,17.060538183275156,21.82757731008381,6.111531886848413,122.75253737349428,kidneybeans
17.506016728763584,56.67876100065112,7.308346843582397,26.375272414617168,95.22411624238323,6.4495678145710436,45.13579532323826,mungbean
118.41466153256931,56.626691395996986,20.532007721632997,21.204565406705694,80.28225339924472,7.540486761480485,89.95290156072403,cotton
77.88813670375423,55.65980230787643,41.570485674453444,23.524095488883937,76.82173123587094,5.562658527647822,210.54768363706677,rice
11.798566444446594,75.16977048237857,23.73063017736333,14.049224779101161,27.0413141274025,6.693637232319093,125.0458492387352,kidneybeans
13.794230153950163,21.751373214728428,38.08034257537512,25.697365647716953,88.32770148407542,6.471444736357913,117.13186315118855,pomegranate
97.54877353560042,41.536475691611436,35.14297105186115,24.89792314860995,74.35391957648282,6.946912917429486,100.42871184536553,cotton
22.780487304533995,73.1934092017444,10.309435536948172,33.47990468637727,79.56506077764577,7.000698586947129,75.90150752752733,blackgram
100.74700051782906,79.08007738573323,35.30558295280315,26.925353241900527,78.40784837767028,5.530860457886368,97.59641978759859,banana
76.15119770127224,41.35722538089856,31.74635203909235,24.6731503016696,75.11086873051775,7.402381626003435,142.44071117335997,jute
25.915270821349953,144.73125873051242,210.0,25.276770751104802,81.44991604622103,5.8988486122198465,41.97867496407997,grapes
131.3635973339606,63.447404859785316,28.89085534461843,29.248646486352065,86.89530171617666,7.486487029608867,79.18263721404455,cotton
23.034871357336897,63.27532064757255,29.167922466500478,24.244443363460263,83.67962015004069,6.327758578124195,44.7898497370169,mungbean
109.32042680451734,27.214377517555803,49.72639509955522,27.083059351460896,93.30495380639537,6.392144415001983,15.34256627015051,muskmelon
63.7236622827975,48.97033300015491,24.444656709201,20.511329198982967,69.8992411603712,6.7787538790105675,120.90754391408228,maize
35.46679291688082,48.7055258234789,38.84345998840219,31.336518767113063,90.2081378123148,6.975622726789524,120.26176537325944,papaya
36.49580671155859,141.33020948286955,202.7453483711105,21.0708798294444,86.55625400491923,5.456922690274483,44.494153254764285,grapes
48.26407309893258,62.79241553933562,96.42541558284276,19.1678180503972,19.48060354044393,7.346533173460018,64.23429083745363,chickpea
96.39251562276408,87.17904188178133,45.89543408960986,27.072405278519653,83.75349990839038,6.032370093300865,135.15838834469733,banana
22.644156228700762,81.1191047746749,16.076302714450318,19.185428457095178,7.2528230698072225,5.7844283198060635,92.17394285184487,kidneybeans
24.52695477158426,0.0,24.919947766502865,29.649311353097264,99.86916271605065,6.445059097202898,169.09368838075503,coconut
85.12618494276364,0.6313842327885091,39.00493013351504,22.24275831506844,82.68659355807715,7.177164018051085,44.797880734820716,watermelon
27.598721405620857,16.937628376474727,33.05486496930228,23.778323251345633,98.57099415979499,6.483873053723579,129.67684921730867,pomegranate
23.76309483183042,15.905382454914037,38.37849579024718,15.92566770689444,85.60759058764269,6.208816434972974,91.55348799704358,pomegranate
98.20853398152738,88.39162665889818,58.920548937698285,29.5551530430864,82.1424823949662,6.420365080315198,91.69783655944121,banana
39.04165500357143,47.91912294586675,17.826266958971306,30.84075654803413,54.308719297184155,7.299454346900738,69.60222056622241,blackgram
